gene	t_stat
SNRP70	2320.1810476549904
IDUA	2257.3831604990296
PRPF31	1809.387740727187
ALAD	1614.5285154813532
PIK3C3	1366.6128233573227
WISP2	1100.1861135323838
SPR	946.2127917564401
MRPL19	945.6561900516701
GOLIM4	930.6104744300332
RAB31	864.334577273462
DTD1	708.14017485469
GUK1	667.5253460653544
TYMP	510.60416220848845
PRPF40A	495.13494754098605
C6orf120	484.3022223423984
C9orf89	470.5617318646747
HEL-S-134P	446.94072219475754
SCAMP4	417.46849697644063
NAPRT	414.524865382224
SEPT10	408.1342133435825
MGP	387.2137071074026
USP39	378.6163608886569
TMX4	346.6954653397474
DYNLRB1	320.71458310450333
COPS7A	316.0527002835634
LUC7L	299.90188726728684
ARMCX1	293.30076415002327
BLOC1S2	279.28410764317687
EPB41L2	275.6998098287691
GNAI1	262.69737020302085
AGTPBP1	252.79852903932104
RAD23A	247.10853488612895
IGF2	236.52853970373798
TGFB1	226.54988566563364
HSP90AB4P	221.0803537152126
ACAD10	220.0669745964011
SLC17A5	200.64188846657132
PPP2R5E	200.48281918311136
LOH11CR2A	189.01298042687708
IPO9	187.84126443763773
TFAM	186.9197092689666
ACSS3	182.54352949753664
PTGFRN	170.64709337439257
CYFIP1	162.89588132313185
PAPPA	156.5993595500572
APOO	149.2044090412899
GANAB	134.2953393228625
SCPEP1	134.04889320332882
CDK7	133.5805063993154
SCRN2	132.69784378410105
MRPS18B	125.7829507563296
RPL14	124.52748725979383
MERP1	121.08392667100871
PRG4	112.37850334418832
CLTB	110.23059105148783
AKR1C2	108.97920674056414
ARMCX3	98.67197458194335
RCC2	98.43053043150444
SNED1	97.73777123893653
DNASE2	94.32957874713948
MAN2B2	93.86260942944647
EDIL3	93.04742980615282
CDH11	90.0906538963892
C1R	89.05605528314797
PTTG1IP	87.90559613451484
COLEC12	83.50089206361957
SMPD1	81.46510208192075
HIST1H4H	80.90175349161369
CYP1B1	77.8839230318868
LPAR1	75.59739211149456
ITPRIP	73.0499802115847
LTBP3	71.85893598742913
MFAP5	68.64680587837034
NDUFB1	68.2926951603273
GJA1	62.870935081633675
DPP7	62.61831567676299
VPS26B	62.53513954226922
ACADSB	62.06310701594009
ACADS	61.635720984336
CLTA	58.77516466910892
ANKH	52.75155373678801
NAGLU	50.47114485321138
CMBL	49.646098800558505
PFAS	47.7152194857999
ARSA	47.67026989400116
CAB39	47.590417153109726
COL14A1	47.15730959937729
COMMD5	46.81561081530118
hCG_30600	45.370581513763405
SERPINF1	45.11879722289149
FAM98B	43.59408167652925
C11orf54	41.16723931453787
GSTP1	40.47404438807727
VPS18	40.05975215771167
MAOA	39.62658183893148
CTSL	39.35501401575279
SEPT6	39.20862852755648
NAT10	37.37748552388094
DDX46	36.50011957991427
GAA	35.27052687139386
PLTP	33.86383273934892
PIP4K2A	32.742238703076616
ME3	32.402123500456206
CXCL12	31.702410614407846
MKKS	31.090748516287878
GDF15	30.962866952336263
FBLN2	30.89125977805328
ANP32E	30.14162119741497
FKBP5	29.3800538774577
COL4A2	29.22369890214139
HEL-S-156an	28.77462703137132
NQO1	28.433542394652058
NQO2	28.142173312520857
LRP1	26.972610299023955
CILP	26.806109172946503
RBM25	25.78041165835199
ADAMTSL4	24.180584669108946
ACIN1	24.123241275651914
ADH5	23.906652213317553
CHMP1B	23.331207080639796
CAPZA1	22.53150017440157
HNRPF	22.342312676129726
RAE1	21.8668149652087
RNASET2	21.43887060244124
GOLPH3	20.325153584978985
HEBP1	20.21177151148484
WDFY1	19.197506809667733
GLA	18.58641660980454
LMNB1	18.495959581953965
MAN2A1	18.107015430308735
HEL-S-44	18.07014731474197
STAT3	18.051516365398943
LXN	17.272548607522527
RAVER1	17.206727977022837
PTBP1	17.191491609560767
TXN	17.110345231573632
HEL20	17.104025467437314
HEXB	16.739506581609167
PTGR1	16.669428107431546
ABCB6	16.18698077876349
EML2	15.879536645447322
CTSB	15.665824275002018
FTL	15.282771927180715
HP1BP3	15.139621804857843
FBLN1	14.58422872116367
CTSA	14.427997271124303
NID2	14.124689895260062
HTRA1	13.79337254353429
PODN	13.746208861621591
DNAJC8	13.578859860215745
AKR1D1	13.386248112239223
SRPX	13.378924845560555
CD63	13.163202788490791
CLU	13.10410013306127
C11orf73	12.873395462832173
MLEC	12.710337649064812
COL4A1	12.68571798529901
GPNMB	12.479820605799512
GSTM2	12.371923375752614
SLC25A1	12.368767966066885
CRYZ	12.117569301012788
S100A10	12.081791422184494
GBA	12.064572980301667
SYNE3	11.977194255769314
HEL-S-49	11.667782423097705
CSPG2	11.334484624446262
TPP1	11.214543314104134
FUS	11.19153817532715
STRAP	11.186440896684383
RPRD1B	11.118812093722799
NUP133	10.888811601154723
GGT5	10.712269770988716
SERPINE2	10.702775098158973
AKR1C1	10.626124351496243
LMNB2	10.352648186666269
NUDT5	10.325526492085148
C1orf123	10.274409748985974
GALM	10.206817113952992
LAMB1	10.148826238574596
ABCC1	10.115280249718266
HEL-S-115	10.073641701012308
UBE2I	9.863842207008581
DPYSL3	9.853080200593382
REXO2	9.628212076711318
HEL107	9.444356391364096
UBE2E3	8.636652920203424
HIST1H3A	8.611395672327927
RECQL	8.61130994677785
MRPL2	8.588086421593427
CTNNA1	8.571142828616512
MRPS36	8.536376178915138
COL18A1	8.407523354017256
MRPL21	8.245363440431268
NAE1	8.21785069781765
CAPZB	8.146377183809644
EIF4A3	8.075126156849718
STOM	8.073082443437528
NPC2	8.055053853815709
okuribin	7.943497072616721
SRSF7	7.916781846546677
NDUFS2	7.871735120499591
CTBS	7.864389012675581
HNRNPL	7.765671954411159
STX7	7.755173258905968
IMMT	7.635536097086199
EIF3D	7.419057355856551
IFI16	7.355116905311378
HEL-S-1a	7.238347339865067
HINT1	7.199437447375154
OPA1	7.179008631480508
AIDA	7.109427165933841
PRKAR2A	7.097057625407203
SOD3	7.053870799950935
EEA1	6.981122945487968
APEX1	6.938354449779627
NPEPPS	6.898188034340554
CAPN1	6.896355004019078
PGM1	6.802903480994429
QIL1	6.802624119969476
MFGE8	6.704153114957529
PEPD	6.687249584839549
ETHE1	6.532475144367263
H1F0	6.40864721654539
GLB1	6.393434041966326
CHI3L1	6.353781611303392
SNRPN	6.269438951106148
NDRG1	6.235561395887376
HIST1H2BN	6.1870205007561525
ELAVL1	6.16303884354897
AK3	6.144677270904538
KYNU	6.143235189814006
SFPQ	6.094046709033504
GPC6	6.056777863267244
SRRT	6.054636306037636
PURA	6.048920762153201
NUP88	6.019383835839241
HEL2	6.017539626795407
EPHX1	6.010145158547258
EMILIN1	5.943366761142434
FNDC3A	5.824268768895094
HEXA	5.756093846772608
COX7A2L	5.750809113828235
NDUFB7	5.732252403582625
NDUFV1	5.704385314325052
SRP14	5.644981912731657
SIAE	5.636656480784668
PPL	5.554500404336483
PSPC1	5.524061957593813
SUMO2	5.508259753095685
SDHB	5.464338031480246
AK4	5.38522662126376
BUB3	5.329631934546689
PGM2	5.316939844121446
VAT1	5.3124491072563105
SNRPD3	5.308326800948465
TOR1AIP1	5.303391269599147
AGK	5.290767574369758
GMDS	5.285910911787804
PCNA	5.27837677102012
SRI	5.2771237400820095
SET	5.269369269652204
PDIA5	5.265965124288027
GM2A	5.253826223771304
PPAP2A	5.227308120629187
LAMP1	5.222894173150716
NUTF2	5.189652618969145
CTSZ	5.171543543431559
NDUFS5	5.096854721115481
SCFD1	5.082631854396034
CD81	5.067400383831509
DBT	5.05080293166486
LGALS3BP	5.041388256240442
HEL-S-67p	5.034869783425941
SERPINB6	5.007317071460929
NHP2	5.0052199673885625
HEL-S-34	4.963232504029541
ALDH18A1	4.930626551187416
PPP2CA	4.877875787976207
TOM1	4.838572226830593
HSPA1A	4.824652244058365
COPZ1	4.757641002229583
TALDO1	4.737560775271478
TRNT1	4.677234043916543
ADK	4.67194861392345
FIS1	4.631322293334569
RPL5	4.619148249180537
EXOG	4.583501358886941
FTH1	4.536500979469692
S100A11	4.5355083310440945
IPO5	4.524326440677436
NAGA	4.515081616557852
ALDH6A1	4.510342231341696
AKR1B10	4.499076185141864
PPA2	4.476312521077803
C8orf82	4.468185303742886
RUFY1	4.434231422685686
PSMC2	4.367891101030203
RUVBL1	4.329933588557998
NDUFA2	4.291766869079147
UGDH	4.242772868310528
ENO1	4.231385140432366
FDXR	4.216456925982991
HMGB1	4.21169829885528
ALDH16A1	4.158958844343109
ENOPH1	4.139858865947954
RPS21	4.139415941533059
NUP54	4.099741485767766
DDX3X	4.069445829742617
TAX1BP3	4.0364347224552946
ESD	4.012375927429962
MAN2B1	4.011052063466026
ALDH9A1	4.009014158804496
METTL7A	3.97538012990123
FBN1	3.95631118911671
COL1A2	3.927124872457578
LOXL1	3.920324030462414
SMC3	3.895125263109175
HEL-S-71	3.889012068081122
PTK7	3.8860369868562805
CUTA	3.8797919730148323
ABHD10	3.8458344363026824
EFEMP2	3.833141967906131
SNX1	3.8003064212219657
TWF1	3.7921912378632134
COL1A1	3.7865209538349003
PTGES3	3.755058271327292
NDUFA3	3.747775207386958
FABP5	3.747541105875505
PMM2	3.745073765056997
HEL-S-277	3.739644925265515
HSPA8	3.7320465649574643
TAF15	3.714624197612365
ACP2	3.701856145082365
XPNPEP1	3.6785966832518344
SEPT7	3.662062174404881
GLOD4	3.65269911395638
HEL-S-133P	3.641271175398771
HEL-S-2a	3.6318543430505765
DEK	3.6249399230557895
RAN	3.6207615984818724
GUSB	3.594606150970901
UQCRFS1	3.5931723656365424
ANP32B	3.5768720823428124
DUT	3.561878187407501
CAND1	3.547063922743206
LACTB	3.5453709051316897
SIL1	3.5315195978615423
CNRIP1	3.515769989721191
HDGF	3.486351925338617
COTL1	3.47675676890672
UBE2K	3.4693001726294677
hCG_22119	3.453203488190634
IDH1	3.440983604795083
PC	3.431731483131944
STXBP1	3.4283469452915156
SF3B2	3.4141353735511397
MYO1C	3.4107208841871426
PGCP	3.381821164638561
TBCA	3.3631807797156217
YWHAQ	3.3512232764096765
ALDH3A2	3.340696516684161
RAD23B	3.327856982367235
RPL32	3.321257912750945
DKFZp686P18130	3.317737905122806
SEH1L	3.316271637326469
ACOT13	3.316159034645866
HIBADH	3.3099402380407947
ACBD3	3.297664027317599
RAB5B	3.2971355920628147
HIST2H2AC	3.2694901251386668
HEL-S-165mP	3.2639146658262663
HMGCL	3.258330502648088
HEL-S-117	3.2278400951523762
TPM3	3.2141178168744733
GPD2	3.197098642182705
DARS2	3.194534531846842
HNRNPR	3.1667567474686837
MMP2	3.1500264723261098
SAMHD1	3.1429383761695764
OTUB1	3.1411595296879242
RHEB	3.1322805563942553
APOOL	3.077618704640339
SPTBN1	3.0726814927640587
MYH10	3.0543984320257564
CTNND1	3.0521352606264167
FBN2	3.0501866738102708
TOMM22	3.0429645768062126
PCCB	3.014503518986368
KTN1	3.009366502840387
NDUFB9	2.9974035064205706
NDUFA6	2.9915737383686642
HIST2H3PS2	2.964169690743329
TWF2	2.9234348548516293
PPIL1	2.9119738361447425
OCIAD1	2.9050440747576625
NUP93	2.9004762750181325
AKR1B1	2.8979410813714908
TIAL1	2.891139709691431
HEL-S-1	2.847472356601035
CD99	2.8244590144286352
PPA1	2.8226113323738775
CBFB	2.8207569012887745
MSN	2.8195839816068613
DDX5	2.8123500434569273
VAC14	2.791665648333114
ANGPTL2	2.7846472349474163
S100A6	2.7797526648535413
ADA	2.776451556564648
GNG12	2.7518512255510155
SF3B3	2.705791002944327
HEL-S-10	2.702578583871512
SMU1	2.700871775983857
UBA3	2.6911928186724716
WARS	2.6861911718140097
SPTAN1	2.6841383773759615
MTCH2	2.664780460723184
ADAR	2.6629486120411476
CD59	2.637102738475277
RRBP1	2.6255319820943597
PRRC1	2.611574264198786
NDUFA9	2.6076406642254173
G6PD	2.60606418071304
XRCC6	2.603952353831662
PLS3	2.6025626959280044
SFXN1	2.5910102341727494
NPM1	2.5782253532851067
AIFM1	2.5510073993328506
GLRX	2.544746093854803
PLAUR	2.534800740835583
EMD	2.5186432855359873
MRC2	2.5177912137540073
TOP1	2.5157128995055156
SEC13	2.505322382998222
CAMK2D	2.5042151485513093
RAB35	2.4924613702539586
UNC84B	2.4827475870265037
ARHG	2.4802420540230927
CCDC22	2.474061086012016
STC1	2.454934641248194
PSMB6	2.4509949309725383
PGAM1	2.4462275495833103
UBE2M	2.435712402615782
CSRP1	2.417595471299585
ufd1	2.41544932921001
MRE11A	2.4132102832333757
NUMA1	2.387986525547922
SRPX2	2.381117124783491
XRCC5	2.363007085638497
BDH2	2.3624260884445967
TMEM192	2.353937440477396
TMEM106B	2.3416639884848593
PGD	2.3303388758066856
SH3BGRL3	2.3295014119493214
YWHAZ	2.3139290266330423
RPS27A	2.3126377164762064
PPP2R4	2.301676503427375
NDUFA5	2.3013667935351636
ACSL1	2.2985721772794845
HMGA2	2.287328542277463
TMEM30A	2.259177040356747
PC4	2.2519064073081454
RNPS1	2.240968725101218
RPL35A	2.224813696622457
HEL-S-108	2.204195542200443
GMPS	2.1984398725016727
SLC35F6	2.1902349588495817
NPTN	2.189992173742949
TLN2	2.189154926746974
C14orf166	2.188937963915053
FAM210B	2.1846629659971204
ISOC2	2.1817109022197947
H6PD	2.1793994015339293
UQCRQ	2.178803901684883
FLNB	2.161752123864794
DUSP23	2.1610574481863343
SCARB2	2.1586496568644513
SSR3	2.1504108950474685
TUBA4A	2.14107807542737
ATP6V1C1	2.1409810199634234
SNTB2	2.1400758985924595
PPP1R7	2.139195770528745
PCYOX1	2.135623591267052
LGMN	2.1350369724931944
PXDN	2.133609598960453
PTGES2	2.130125171365016
NCL	2.130045670198003
HEL-S-19	2.1239784586658286
ASAH1	2.1220718106388134
TAGLN2	2.1132811507762677
PRKDC	2.1113448985898033
RALY	2.096183290905267
ILVBL	2.093444605852415
RSU1	2.084227897041691
ADSS	2.083444587458245
PGLS	2.0822612368819655
HEL-S-47e	2.081406929168751
USP14	2.074749045272449
HNRNPUL2	2.070435316330561
PYGB	2.068074443389384
NAMPT	2.06441376243363
HEL-S-130P	2.0633540075218995
GPX8	2.0628600617482573
HEL57	2.0617406092261614
RAB5A	2.048123963862905
MCCC1	2.0440980045996247
CUL4B	2.0386858948730926
PCBP2	2.031492026786712
C21orf33	2.024542699085783
CD9	2.015520800182621
ILF3	2.0102610671598704
GDI1	1.9840451387520228
GNS	1.9811740504923823
HSD17B11	1.9792447209328496
KANK2	1.9790740960045134
FLJ00319	1.977959217452974
ADD3	1.9675333056807602
PSMB3	1.9621503024142597
GNAI3	1.958759739266571
GRN	1.956280728017998
MAP1S	1.954841185930174
ATP2B4	1.9435005027627774
OXCT1	1.9363329769413267
HNRNPA1	1.9342172298444196
RPL26	1.9318087205338426
DKFZp547A0616	1.9177056240514372
IST1	1.917698074267104
LDHB	1.9093326987121932
NIT1	1.8871894964564606
CNDP2	1.886130149041916
DNM2	1.8830560950787723
COX6B1	1.8821218227128018
NDUFA8	1.8801880246064526
CAV2	1.875078698491208
GSTM1	1.8695503312083055
GCDH	1.8654568450687241
PTRF	1.8610729242518982
TECR	1.8585316837857042
HEL-S-7	1.8570990638495921
GLUD1	1.8549302531293006
AKR1C3	1.8544103443431208
TOMM70A	1.8507008289825075
MFAP2	1.843116318532883
GOT1	1.8384512033553335
PCK2	1.8344430795601352
HEL-S-97n	1.8338907968109175
ALDH1L2	1.8223334882931415
HSD17B10	1.8205684923809708
TRIM25	1.820004859305693
NID1	1.8196000767313105
PARP1	1.8130798368898544
CHID1	1.8122900005496734
DPYSL2	1.8106409203878073
PLBD2	1.8094920372571068
HIBCH	1.8091178791293896
MTPN	1.787012488058635
YWHAG	1.7809494382226188
HMGA1	1.7799042789040007
RANBP1	1.777555095940897
SDHA	1.7760659407048665
NUDT2	1.7723001426282181
ADAMTS4	1.7684184779457977
NANS	1.7620782318685597
RCC1	1.7588852172621283
LAMC1	1.751358992170395
SLC25A13	1.741302152768368
PARP4	1.7299611846355505
FAH	1.727131447212098
LTBP4	1.7224461714147672
ERGIC1	1.7172312340823042
LSM2	1.7147241551515249
HEL-S-66	1.7129029734541372
IGFBP4	1.7126082433785654
TPR	1.7125413630111308
HMGB2	1.7114754642847638
SFRP1	1.7112793868041862
ADD1	1.7057998839814708
NDUFA10	1.705004328521944
PCCA	1.704415640563966
COL6A3	1.7031184975784455
STAT2	1.694139281676564
VCL	1.687325633928235
CAV1	1.6869108245832336
H2AFX	1.6742727406563283
hCG_2001986	1.663068169921351
HGF	1.6616482541601274
MT-ND4	1.6614566531539634
CARKD	1.6523196636376036
ARL8A	1.6481937584356754
PRDX3	1.6434370103687137
MT2A	1.6394081501620257
VTI1B	1.6360714311938094
HNRPK	1.6317594443656147
c371H6.2	1.6280142285606276
RHOB	1.624298864981151
SRSF1	1.6233196981694156
DKFZp762L015	1.6222312222603443
EIF3E	1.6205378890932338
IARS2	1.6079243299190322
SNRPE	1.6014716310788357
HEL-S-8a	1.5995738186342852
NUDC	1.5985367786471296
RPL28	1.5980232647557924
AOX1	1.5931047053752005
PLEC	1.5904575630698772
RNPEP	1.589120300517442
DIABLO	1.5887530305705089
POLR2H	1.58342018218302
SLC25A24	1.5718661627107633
SSBP1	1.5663265543791127
SNX2	1.5644348262462786
MRPL48	1.5542818572418287
DDX17	1.5489427124802708
MRPL23	1.54260341246114
CTSK	1.5382404147360806
RBBP4	1.5372426869856994
NDUFC2	1.5343756744127854
PFDN1	1.524882749824973
TUFM	1.5207108743376887
TM9SF2	1.5204778775985308
SUCLG1	1.5151150023563675
H3F3B	1.5115846900602916
VBP1	1.5100599937051695
TIMM13	1.5063021000723409
NDUFS6	1.5060355774278864
MRPL11	1.4986356330815207
LGALS1	1.4983761322120508
ARCN1	1.4983069801205438
HNRNPA3	1.4958774796248158
TIMM50	1.4936376433115781
CYBRD1	1.4932239870580444
THSD4	1.4908749572514624
FUBP1	1.4649687038164516
APOD	1.45642709649357
NNMT	1.4557291274149007
REEP5	1.4533781693418553
HSPA4	1.4529340600505622
ITPR3	1.4504296302287438
GMFB	1.449486911597931
CRK	1.4487339559314865
IFITM3	1.4413994232027825
HDAC2	1.4369751502862254
OAT	1.4366119898031342
RPL36A	1.4349664599704497
MT1E	1.4345422256241844
HSD11B1	1.43184549823685
CCBL2	1.43039962400614
LRPAP1	1.426811245112269
SPG21	1.4237154585375038
HSPD1	1.422951277559043
ARF5	1.419445249776911
NT5E	1.4178686306378454
ERH	1.4178633320491845
DLST	1.4158293307356855
SLC25A5	1.4119823637646376
DKC1	1.4104007545618502
PLP2	1.40151185230184
C1S	1.4007069764747608
ABCB8	1.399756028378937
NME1	1.3977763178041034
UBE2V2	1.394130141792297
SUMF2	1.3930081705664443
CYGB	1.392984721152924
MRPL34	1.39244844741823
DNAJC19	1.389560918606762
DNAJA3	1.388095536368418
RPS27L	1.3872737072524752
APOA1BP	1.3869348991984811
SNRPF	1.3843311650788839
LYRM4	1.382475726028565
TNPO3	1.3821167822332576
CCAR2	1.3714092793407893
HEL-S-64p	1.3656403153749161
RRM2B	1.357996242845107
CPOX	1.3567570405752654
CPSF6	1.356138970325398
DHRS4	1.3511462265122542
FKBP3	1.3491148130991308
SLC39A7	1.348367253455937
VTA1	1.347130388474983
SPAG9	1.3438911778325655
PNN	1.343401987640738
NDUFV2	1.3431390140227637
H2AFY	1.3336204061884966
SF3B6	1.3319867552225781
S100A4	1.3209368533375667
PITRM1	1.3198790989594649
XPO7	1.315289161772188
APOE	1.3151121611844512
UBQLN2	1.314116655208949
COL8A1	1.312727256317848
NADK2	1.3076883481789052
PLEKHC1	1.3046637545339625
PCMT1	1.3033514056109503
ARL8B	1.3024307762697187
CNP	1.299806497169432
CYB5A	1.2948699390058633
PLXNB2	1.2938656933064363
COPS4	1.2921752723653543
IER3IP1	1.2877219726026998
MRPS34	1.286134289652
NFIX	1.283733005251841
MYBBP1A	1.2825585965233288
SGSH	1.2767053134427127
ACTR1B	1.2756780377574721
PRCP	1.2745352274324682
CRABP2	1.272494044003653
ACOT1	1.2720907679546292
PPP2R2A	1.2681071836838287
MTX1	1.2643661511355941
PPIF	1.2584313267177185
NHP2L1	1.2581789057578925
HEL-S-32	1.2580878034233016
ASL	1.256110343751324
FKBP2	1.2559584826929464
PFDN5	1.2519580485682547
PANK4	1.2482238138777895
HEL-S-25	1.237537444881924
CPT2	1.228658439842276
CCDC58	1.2230141407549744
IVD	1.2227219120964
YWHAH	1.2226816601691333
NDUFS4	1.222659178530428
CRKL	1.2151291968454654
CSTB	1.2140421310000011
GPSM1	1.213228431536224
PPFIBP1	1.2121119800731348
RDX	1.2110842949891492
PTGS1	1.2079604921942337
RPL8	1.2077120053400128
BZW1	1.206902687127287
TSPAN6	1.1991119888934438
BANF1	1.19771362596046
ERP44	1.1846086508693028
LUC7L2	1.1829866524882497
CMPK1	1.1802006841943107
CUL5	1.1754905620168399
RAD50	1.175464730142629
LASP1	1.1708274373885463
HEL-75	1.1694788052653438
EIF3M	1.1678430936719713
CDK5	1.1676913975611316
RBBP7	1.165058248860763
SNAP23	1.1618799363349905
TKFC	1.1616831545795527
CRELD2	1.1605429295711813
BCAT2	1.159204301214453
PTPN11	1.1590854501921652
PRDX1	1.1584554063543646
MRPL37	1.1580573779072325
NUP205	1.1538524837808573
DNM1L	1.1501803845938303
UCHL3	1.1436023864826181
QDPR	1.1404407717649947
AMPD2	1.1401969532814606
TMED3	1.1363665565631706
GBP1	1.1342830628479998
SPCS3	1.1333392374154398
AIP	1.1314464439906082
LEPRE1	1.1304957505122346
BZW2	1.1293242707529787
COL6A2	1.1288619873128631
FBLL1	1.1248396283062185
MT1F	1.124283167002581
SLC25A22	1.1209483207572413
IMPA1	1.1207870230717114
RBMX	1.1201227189955014
MRPL20	1.1170498699631015
CORO1B	1.1164002854342867
RPS28	1.1160096515356799
MT-CO2	1.1128539976866665
TNPO1	1.1097550186103788
COX3	1.1089598095988389
HIST1H1B	1.1088803587220342
SLC44A1	1.1087840568027316
hCG_2025883	1.1075111968973197
PHB2	1.1018371144429058
NDUFA13	1.1006179234881799
EIF3H	1.0991006650690256
RPS10	1.09878192544555
STXBP3	1.0984012934513405
H1FX	1.0973435991754086
DKFZp686O1117	1.0966560271626595
ATP5L	1.0953478954905813
MRPL41	1.094278229995327
CTBP1	1.0937052037637776
GDI2	1.0903118937752077
CD276	1.0862045798043667
GNB4	1.0861892940634155
CPPED1	1.0841560278977609
VAPA	1.0785210237723823
MPC2	1.077865590787166
SAP18	1.0762699119236265
RAPH1	1.0762698731591285
CLCN7	1.0762698626869092
DYNC2H1	1.0762698543441311
HEL-S-5	1.0762697983931686
CD248	1.0762697975704127
CCDC50	1.076269791524471
MAOB	1.0762697904577163
RABGGTA	1.0762697899361977
IGFBP5	1.076269787948124
GK3P	1.0762697851887484
AAMDC	1.0762697826929446
CCAR1	1.076269782164404
ALYREF	1.0762697746753576
GRIPAP1	1.0762697704570023
MRPS2	1.0762697637697076
TES	1.076269759905241
DKFZp686E1899	1.0762697594665793
NIPBL	1.0762697551492775
C9orf19	1.0762697512848927
YIPF3	1.076269748563889
DKFZp666G145	1.0762697481089207
NFU1	1.076269747978341
HDDC3	1.0762697469069105
CNPY2	1.0762697444195837
MT1G	1.0762697439465687
SRSF9	1.0762697416544356
DPYD	1.0762697416544345
FMO3	1.0762697409868316
STX4	1.0762697399120156
NUP85	1.0762697392768286
MRPL27	1.0762697367080436
OSBP	1.0762697357288344
LOC56901	1.076269733188177
PEF1	1.076269732900533
SCAMP1	1.0762697305809077
CD47	1.0762697300526738
PRKACA	1.0762697296167894
SH3PXD2B	1.0762697291596612
ANTXR1	1.0762697261692846
DCTD	1.0762697251679278
CFH	1.076269725020183
SGTA	1.07626972329321
SFRP2	1.0762697221958837
MRPL47	1.0762697209034897
PHF5A	1.0762697205517868
METAP2	1.0762697178654779
FAM96B	1.0762697174655549
TMEM126A	1.076269717082844
LYPLA2	1.0762697167012318
MRPS30	1.0762697147015388
SFRS15	1.0762697123961216
GOLGB1	1.0762697106525299
COG4	1.0762697083843746
PPP3R1	1.0762697081607557
TIMM9	1.0762697073021823
ROCK2	1.0762697069643432
ZFR	1.076269706476586
SUMF1	1.0762697035764743
MUC16	1.0762697030470392
GALC	1.0762697019827778
MRPL53	1.0762697013354345
PAIP1	1.076269699088988
ADI1	1.0762696988595528
OSTC	1.0762696985805078
RANBP3	1.0762696981018824
PLRG1	1.07626969732407
STAT6	1.0762696960179259
PROCR	1.0762696880531837
FAM126A	1.0762696868998705
APPL1	1.0762696868998702
PIG59	1.076269686222672
ADPRHL2	1.0762696862226713
UMPS	1.076269683702406
HSU53209	1.0762696819726656
LDAH	1.0762696332920072
OFD1	1.076269632973906
CHMP4A	1.0762696315184688
AKT2	1.0762696279563417
MRPL32	1.0762696251108403
44M2.1	1.0762696216420706
CNOT1	1.076269570913703
COL21A1	1.076269569951718
DKFZp564P2364	1.0762695689230128
BMP1	1.0762695675165006
PNPT1	1.076269563857825
CSNK2A2	1.0762695595353213
ADH1C	1.076269558904776
TMEM256	1.0762695571987964
XPNPEP2	1.076269557198795
TCEA1	1.0762695567491973
ME1	1.0762695567491969
TBL1XR1	1.0762695561954878
TMLHE	1.0762695556725532
MEDAG	1.0762695520934014
SFRS5	1.0762695518296514
PLD3	1.0762695505023145
CD68	1.0762695485424947
PPIL3	1.0762695424076032
NUP37	1.0762695390575723
MGRC	1.07626953709283
ARMC8	1.0762695366883965
BOLA3	1.0762695360619385
PRRX1	1.0762695332931138
DHODH	1.076269528689867
EARS2	1.0762695234933135
C9orf64	1.0762695221597496
DOCK7	1.0762695208287514
HMGB3	1.0762695198205603
FAM36A	1.0762694536514408
SEC16A	1.076269450292392
LRRN4CL	1.0762694494098424
HEL-S-36	1.0762694478905561
TP53RK	1.0762694474352832
C14orf159	1.076269446868142
NUDT9	1.0762694463598521
TK2	1.0762694438098033
RTCA	1.0762694428176405
TOP1MT	1.0762694422131556
TMEM55B	1.0762694406231743
SNAPIN	1.0762694399275516
TRAPPC3	1.0762694385642413
LBR	1.0762694379922542
LANCL1	1.0762694379922537
FAM129A	1.0762694339716758
L3HYPDH	1.0762694235219665
WARS2	1.0762694228808314
FLJ20323	1.0762694204748147
MFN2	1.0762694112503224
DYNLL2	1.0762694112503217
hCG_23373	1.076269410401771
OLFML3	1.0762694096873036
LAMTOR4	1.0762694091450735
HSPA2	1.0762694050240016
WDR5	1.076269329203473
CHD4	1.076269324884231
DKFZp586L2318	1.0762693224898776
DERA	1.0762693202782851
PCSK1	1.076269315677862
JAGN1	1.0762693119207167
ARMC10	1.076269304075332
UFSP2	1.076269207677259
AGA	1.0762692076772584
NDUFA11	1.0762692007364674
MBNL1	1.0762691942749778
FCGRT	1.0762691942749774
MAPK14	1.0762691802321318
SF1	1.0762691783440006
GLT8D1	1.0762690826075079
GLMP	1.0762690811407678
VPS45	1.0762690804174528
MRPL1	1.076269077705519
GSTT1	1.0762690736041456
CLIC2	1.076269073604145
PRPF4	1.07626906963423
BCL2L13	1.0762690663586556
MMAA	1.0762690642202242
ARL3	1.0762690583544594
ABCB7	1.0762690575460225
SLC38A9	1.0762690567459792
CPD	1.0762690567459785
OXSM	1.0762690512482218
PRKACG	1.076269049920723
SPG7	1.0762690465893419
MTPAP	1.0762690454338812
CMC1	1.0762690435784172
SYVN1	1.0762690430577302
PREB	1.0762690390316578
NUBPL	1.0762690378308528
RAD21	1.076269037830852
CPS1	1.0762690252407983
CSTF1	1.0762690252407976
ACTR10	1.0762690193204985
IDE	1.0762690147224774
ABCA8	1.0762690085808473
MRPL40	1.0762688873298865
MTAP	1.075721807217328
VIM	1.0748757940490414
TGOLN2	1.0745666673417344
ECHDC1	1.0690489584547858
ARPC1B	1.0654560786798333
NFS1	1.064410233520386
POSTN	1.0643829935557834
MCU	1.0618722795168885
ENG	1.0610441102091994
RAP1B	1.0583058795994493
DCXR	1.0576053795964235
NONO	1.0554993486105837
EDF1	1.0532454858375873
SUPT16H	1.0491617288969295
MRPL39	1.0432177736194241
EWSR1	1.0424892543098654
PSAP	1.0402701791963094
MPI	1.0370519136971237
SUSD2	1.0352240724102706
AP2A1	1.034918933818908
LYPLAL1	1.0328018995632406
FKBP1A	1.026954255815858
ETFDH	1.0256749682642419
STOML2	1.0250800290736766
ETF1	1.0192718431902008
HMOX1	1.017248861686055
DAZAP1	1.0149657512295562
GNA11	1.0146717559979193
CRAT	1.0101710644150108
RPL34	1.0036220150981356
ATP6V0A1	1.0003436368149203
MDH2	0.9921827278295992
COPE	0.9916295386736834
GRB2	0.9905535654486145
PRPF19	0.9855983230076963
PPP3CA	0.981117398141842
SEC61G	0.9807122635600324
DECR1	0.9793298007026562
NUP155	0.9782373007416941
RANBP2	0.9764705274827008
SEC23IP	0.9757173768591157
RPL9	0.9715612111151718
LPP	0.9649188707064631
ALDH1L1	0.9622781409572518
RPLP0	0.9581428616413258
GORASP2	0.9580568312864243
TAMM41	0.953063749082836
RMDN1	0.9526297411700781
MRPL3	0.9455099264632207
AP1B1	0.9438525421983952
SLC2A13	0.9435663048860374
PAFAH1B2	0.9421359268584887
HNRNPA2B1	0.9352541599064195
SHMT2	0.9335530853463806
RAB34	0.9244966653309671
EIF3F	0.9163564560763259
MRPL50	0.9049363907625309
RPA1	0.9040036823043702
GBAS	0.8966402919491833
COPS5	0.8958078986858679
PSMB7	0.8923290605437071
SDF4	0.8906758425956619
CUL3	0.8871620117247061
PNPO	0.886973257126147
SEC23A	0.8861228438723786
SEC24C	0.879808707904784
ATOX1	0.87766742589575375
RDH14	0.8755078290286586
S100A16	0.8707964591037941
CAPZA2	0.8684909941154937
PCOLCE	0.8677993871966596
TMED5	0.8619153831383196
RAB1A	0.8570507107694945
HNRPD	0.8541390653925102
DDT	0.853334356035393
C16orf13	0.8513366212809752
SDCBP	0.8442869953084774
TXNRD2	0.8422458733754955
MRPL15	0.838299148225624
VPS26A	0.8301333608345383
PPP1R12A	0.8287972422478586
EIF4A2	0.8282518829878189
SEPT9	0.8263383422333601
NUP98	0.8241988121881254
SART3	0.8210253190312921
SUCLG2	0.8108221213305639
FAM98A	0.8014415620462708
STX8	0.7976718309207067
ATP5H	0.7968380364161676
PSMD5	0.79205513060248
ATP2B1	0.7852982334162446
VARS	0.7837458467969537
ARMCX2	0.7820887795853145
TMTC3	0.7746770433781532
ATAD3B	0.7724118671834421
MRPS35	0.7673011105166894
SERPINB8	0.7671706593266366
ILF2	0.7607573205992327
GALNT2	0.746797868941063
PDHX	0.7463225369837472
TXNRD1	0.7433072813038035
CPT1A	0.7421128924687989
UBA6	0.7398411393683811
SEC62	0.7262424246678875
C10orf70	0.7236011912440387
HNRNPK	0.7217401169414907
MUT	0.7209233033293234
PGP	0.7158165465553364
CCNY	0.7143091931262084
HEL-S-21	0.7064931470975645
PPIA	0.7056337357987971
HNRNPA0	0.704610122616508
VMP1	0.7033503526747452
SMS	0.7030218419725142
DERL2	0.6997442761474548
LEMD2	0.6943355426676749
FAHD1	0.6901120489461723
ATP6V1H	0.6857285568404851
NDUFB10	0.6830475826265422
ACAP2	0.6799522672936381
PDCD6	0.6796600475557265
COX4I1	0.6767114104603665
NLN	0.6542199195097381
GPS1	0.6517151720991753
HSP90AB2P	0.6515528591534995
HEL-S-132P	0.6515292981072739
PDIA3	0.640583838816173
IGFBP7	0.638808901350595
ENDOG	0.6336706196452826
UFM1	0.6308866060497008
ACTN1	0.6306983920874923
THOP1	0.6221200823361627
NME1-NME2	0.6171365212209997
ACO2	0.6116386288486775
GNB1	0.6060388374735345
GBE1	0.6049246067093802
HARS	0.5999811172860745
GGH	0.5989563803185033
CSDE1	0.5931440491351188
PCBP1	0.593032695612426
CYB5R3	0.5880273658970706
ACSL4	0.5770512952999128
HEL-S-114	0.572501130499711
GNPDA1	0.5711534771085113
PABPC1	0.5694020446959687
TOMM6	0.5689446681352245
APOL2	0.5683436055522797
NDUFS3	0.564841077675366
ISG15	0.5605167579284691
hCG_39985	0.5579944647571974
ACAA2	0.5538353774116247
CNN3	0.5472166482105153
RAC1	0.5377550159368704
RPS18	0.5363636909292092
MRPS11	0.5307344598995326
AASDHPPT	0.5271883712621857
OCIAD2	0.5201137538034045
BASP1	0.5196977119548263
UQCRB	0.5100607796908543
RPL30	0.5037095210159013
RSL1D1	0.5014595675326262
PPT1	0.4994621957807018
RPS29	0.49724851573135015
EPFP1	0.4956305235419911
SRSF2	0.4885997980315859
PDHA1	0.48746609962965304
TXNDC5	0.47965673024726974
RFTN1	0.47571683770136153
KPNA4	0.46987172939097893
AP1S1	0.4601969040337025
PURB	0.45929959077370236
HEL-S-299	0.459264410065523
EGFR	0.45909698444526875
COX7A2	0.4447929267522446
EFEMP1	0.44008587939120175
PFDN6	0.4391863011873083
HNRPH3	0.4175043490019126
BOLA2	0.4054709855205839
RPL15	0.40431549203521466
NIPSNAP3A	0.3855537617802112
UACA	0.3815387684816121
PSMD10	0.38014055846722705
RPL10	0.3796111378610769
KPNA6	0.37808010272771786
GMPPB	0.3757826356503803
LAMTOR2	0.36841030969400423
TROVE2	0.3656306375608604
SRSF10	0.36344681833691794
AP3M1	0.3532924741387323
LAMP2	0.35294420434583146
MTDH	0.35257068645889367
MRPS17	0.3523642259666913
DKK1	0.3521075342221446
UBQLN1	0.3475975700105167
LYPLA1	0.3409194562453417
VPS29	0.3408593926701413
NDUFB5	0.3346334826265255
NRP1	0.3257238285888682
ACSF3	0.31275863853231006
TUBG1	0.30719527391792845
TUBB8	0.3049850690176876
NFKB1	0.3019540766996424
WDR77	0.3001379523790285
RPS14	0.2991190859562199
FKBP11	0.29739566687513763
COPS6	0.2951601772457066
RPL31	0.2935499077153873
C16orf62	0.2901818033945734
OLA1	0.28982698942956453
CSNK2A1	0.286880661281126
RPL6	0.28637156754207993
DSCR3	0.28398965541897025
COPB1	0.26597938803852506
UBE1	0.2659419329772795
H2AFV	0.2648236043225024
COL6A1	0.2643868208132105
SAMM50	0.2613691008713824
SEC24D	0.2577551250942282
HGS	0.24771083036229055
FAM3C	0.2476960954310481
RPE	0.24752924248220415
CHCHD3	0.2468322447876511
ARSB	0.24356343554049087
PDPR	0.243170930294266
RPS27	0.2426714757165387
MTX2	0.24181920472365628
CAPS2	0.23889731846613504
FH	0.23508110440184363
ASNA1	0.23422225589473866
DDX39B	0.23359399642971704
CTSC	0.23193303343022711
RPN2	0.2310235910266613
NDUFB11	0.22673935222760785
NCKAP1	0.22143715431153477
CBR1	0.21432965995839937
GLG1	0.21308787297263979
TSPO	0.21153314889026506
CS	0.2111004493303483
COX5B	0.21036218165591802
CPNE3	0.2078006228381007
SRP9	0.20582257043674385
UROD	0.20442078406481118
AP1M1	0.20393902892727486
ETFB	0.1947059265012337
U5-116KD	0.193752939269478
FAM136A	0.191103595620693
RPL37A	0.18236137282559223
PPOX	0.17114507294164563
HNRNPH1	0.16469597035569647
SNRNP200	0.1638318112173731
U2AF1	0.15895912986691046
HSPA9	0.1580660119775294
ACAT1	0.1537568755932601
EIF2B1	0.15323824274705555
PPCS	0.1530892498045676
CAD	0.1499799958483849
SMARCC2	0.1493963152285668
NDUFA4	0.14599862983756448
FLJ10292	0.14249182316890432
DAP3	0.14091414976716007
CIRBP	0.139232269556624
SWAP70	0.13793849905426792
HEL-S-123m	0.12462364444053511
ST13	0.12450008045089941
PRPF8	0.12437298689637702
RPL4	0.12394813237648979
TRIM47	0.12128701328990395
AK2	0.12080950349825016
SNRPC	0.11533383635780614
AKT1	0.10899131264625564
STAU1	0.1076504805980065
HUWE1	0.10667350676031334
ATP5C1	0.1058678860541221
MECP2	0.10476384144515744
GPX1	0.10255660513438015
YARS2	0.10133573371682979
DKFZp686D1354	0.10029706055265396
HCCS	0.09970537606892396
HEL-S-87p	0.09933622483341063
TSG101	0.0991845711192519
GMPR2	0.09791192539531039
TRMT10C	0.09589263821845408
OSGEP	0.09532105750141161
RAB9A	0.09218820070263115
ATP6V1E1	0.08995075815945915
PABPN1	0.08988495016382894
CHMP6	0.08826080618119417
SNX9	0.08596718021462263
SNRPD2	0.08585228604502332
CALM3	0.0821916029720132
FUT8	0.07860838348007258
EHD2	0.07859247628200432
TMED4	0.07708193042492999
CLTC	0.07664977644578654
NDUFS7	0.06983880358355249
CCS	0.06690598778245294
ARPC5L	0.06666493308748955
MAD1L1	0.06381615953177228
BCS1L	0.05947420900605415
NUDT4	0.058487956726082806
ERGIC3	0.05761168956037428
GHITM	0.0552547408376698
ELMOD2	0.055072463048348445
VPS16	0.05341158090294386
CACYBP	0.050349388667437205
TMED2	0.04702198732726589
PACSIN3	0.045552957667980426
MRPS14	0.044984685515574684
NDUFB8	0.043596381328091835
UPF1	0.04338983493337255
MRPS6	0.04208326052224842
SPNS1	0.038047034908030325
NDUFS8	0.03771377999563045
SEPT2	0.036798359833250006
CELF1	0.03412795597397552
ANXA7	0.0322634338019929
SPATA20	0.031088148944920086
OGDH	0.030894587809939655
COPS2	0.02420099571124255
MRPS5	0.02100434297753915
UQCC	0.020949460423470442
SLC25A20	0.016425518798446885
GJA8	0.015380556519847457
TMEM11	0.013200285460725023
NUP62	0.013124060198369179
HNRNPC	0.012864698707038887
TBK1	0.01208205851114902
WLS	0.011291974136707883
DKFZp686F18120	0.008927612059330915
NOP2	0.007939937024569027
NUDT21	0.006004496230716561
MRPL18	0.004353874043902773
RAP2C	0.0043137956288641964
PDE12	0.003978499495809456
TBCB	0.003145676041186795
GADD45GIP1	5.684692512427469e-4
AARS2	-0
AASS	-0
ABI1	-0
ABLIM1	-0
ABR	-0
ABRACL	-0
ACE	-0
ACOT7	-0
ACOT8	-0
ACTA2	-0
ACTBL2	-0
AGL	-0
AGPAT1	-0
AGRN	-0
AHNAK2	-0
AIM1	-0
AK5	-0
AKAP12	-0
AKAP2	-0
ALD	-0
ALDH4A1	-0
ALG3	-0
ALG5	-0
ALG9	-0
ANKLE2	-0
ANKRD1	-0
ANKRD13A	-0
ANKRD17	-0
ANKS1A	-0
APPL2	-0
AQP1	-0
ARFGAP2	-0
ARFGAP3	-0
ARFGEF1	-0
ARFIP2	-0
ARHGAP17	-0
ARHGAP18	-0
ARHGEF7	-0
ARID1B	-0
ARL2BP	-0
ARPP19	-0
ASAP2	-0
ASCC3	-0
ASNS	-0
ATE1	-0
ATG4B	-0
ATL2	-0
ATP11C	-0
ATP2A3	-0
ATP5S	-0
ATP6AP2	-0
ATP6V0C	-0
ATP6V0D2	-0
ATXN2	-0
ATXN2L	-0
ATXN3	-0
B3GAT3	-0
BABAM1	-0
BAF53A	-0
BAG3	-0
BAG6	-0
BAK	-0
BCAS1	-0
BCAS2	-0
BICC1	-0
BICD2	-0
BIRC6	-0
BLMH	-0
BMS1	-0
BOP1	-0
BRCC3	-0
BRI3BP	-0
BYSL	-0
C10orf54	-0
C11orf58	-0
C11orf68	-0
C17orf49	-0
C19orf25	-0
C19orf66	-0
C1orf198	-0
C2orf47	-0
C5orf51	-0
C6orf89	-0
C7orf24	-0
C9orf142	-0
C9orf16	-0
CAMK2B	-0
CAPRIN1	-0
CARS2	-0
CASC4	-0
CASK	-0
CASP8AP2	-0
CBX1	-0
CCDC149	-0
CCDC6	-0
CCDC90B	-0
CCDC93	-0
CD36	-0
CD97	-0
CD99L2	-0
CDC23	-0
CDC2L2	-0
CDC5L	-0
CDC73	-0
CDH15	-0
CDH2	-0
CDK4	-0
CDRT1	-0
CDV3	-0
CELF2	-0
CEP170	-0
CES1	-0
CHCHD6	-0
CHERP	-0
CHORDC1	-0
CHPF2	-0
CHTOP	-0
CHUK	-0
CLASP1	-0
CLMP	-0
CLPTM1L	-0
CNIH4	-0
COG1	-0
COG2	-0
COG6	-0
COL11A1	-0
COL15A1	-0
COMMD1	-0
COMMD3	-0
COMMD4	-0
COMMD9	-0
COMP	-0
COPG2	-0
COQ5	-0
CORO2B	-0
COX2	-0
CPNE7	-0
CPSF1	-0
CPSF3	-0
CPSF4	-0
CPZ	-0
CRELD1	-0
CRMP1	-0
CROCC	-0
CRYL1	-0
CSK	-0
CSNK1A1	-0
CSPG4	-0
CSRP2	-0
CST3	-0
CSTF2	-0
CSTF3	-0
CTAGE5	-0
CTGF	-0
CTNNA2	-0
CTNNBL1	-0
CTTNBP2NL	-0
CYP20A1	-0
CYP27A1	-0
CYP51A1	-0
DAB2	-0
DBR1	-0
DCAF8	-0
DCPS	-0
DCTN6	-0
DCUN1D1	-0
DDAH1	-0
DDX19B	-0
DDX23	-0
DDX3Y	-0
DFFA	-0
DHX30	-0
DHX36	-0
DHX38	-0
DIS3	-0
DKFZP586J0619	-0
DKFZp434L1715	-0
DKFZp451O0517	-0
DKFZp667H197	-0
DKFZp667O055	-0
DKFZp686D12108	-0
DKFZp686K101	-0
DKFZp686M0430	-0
DKFZp686P12272	-0
DKFZp762M013	-0
DKK3	-0
DLG1	-0
DNAAF5	-0
DNAJB1	-0
DNAJB6	-0
DNASE1L1	-0
DNM1	-0
DNTTIP2	-0
DOCK1	-0
DRAP1	-0
DRG1	-0
DRIP4	-0
DSP	-0
DUSP3	-0
EBNA1BP2	-0
ECE1	-0
ECM1	-0
EFTUD1	-0
EGF	-0
EHD3	-0
EIF2C2	-0
EIF4B	-0
EIF4G3	-0
ELMO2	-0
ELOVL1	-0
EMC4	-0
EML1	-0
EML3	-0
EML4	-0
ENY2	-0
EPHB2	-0
EPN1	-0
EPS8	-0
EPT1	-0
ERBB2IP	-0
ERC1	-0
ERCC2	-0
EXOC5	-0
EXOC6B	-0
EXOC8	-0
EXOSC3	-0
EXOSC6	-0
FADS2	-0
FAF1	-0
FAM160B1	-0
FAM21C	-0
FAM26E	-0
FAM46A	-0
FAM82C	-0
FARP1	-0
FARP2	-0
FBLIM1	-0
FBLN5	-0
FBXO22	-0
FBXO40	-0
FDFT1	-0
FEN1	-0
FERMT3	-0
FGF2	-0
FGG	-0
FHOD1	-0
FILIP1L	-0
FIP1L1	-0
FKBP14	-0
FKBP15	-0
FKBP8	-0
FLJ00144	-0
FMNL1	-0
FMNL2	-0
FMR1	-0
FNDC3B	-0
FNTA	-0
FOCAD	-0
FOLR1	-0
FOXRED1	-0
FRMD6	-0
FSTL1	-0
FUT11	-0
FYCO1	-0
G3BP2	-0
G6PC3	-0
GALE	-0
GALK2	-0
GATAD2A	-0
GBP2	-0
GFM2	-0
GGT7	-0
GIGYF2	-0
GIPC1	-0
GLRX5	-0
GLYR1	-0
GNPNAT1	-0
GOLGA4	-0
GOLGA7	-0
GPM6B	-0
GPR89B	-0
GPX3	-0
GPX7	-0
GRAMD3	-0
GRLF1	-0
GRSF1	-0
GRWD1	-0
GSK3B	-0
GSTZ1	-0
GTPBP1	-0
GTPBP4	-0
HACL1	-0
HAT1	-0
HDAC1	-0
HDDC2	-0
HDHD2	-0
HEATR1	-0
HEATR3	-0
HECTD1	-0
HEL-S-273	-0
HEL-S-298	-0
HEL-S-90n	-0
HIP1	-0
HIST1H1C	-0
HIST1H2AB	-0
HIST1H2AH	-0
HIST2H3A	-0
HMGCS1	-0
HN1L	-0
HNMT	-0
HOOK3	-0
HRB	-0
HRSP12	-0
HS1BP3	-0
HSPA12A	-0
HSPB11	-0
HSPBP1	-0
HSR1	-0
HTATSF1	-0
HYDIN	-0
HYPK	-0
IAH1	-0
IFIT5	-0
IFT27	-0
IGFBP2	-0
IKBKG	-0
IMPA2	-0
IMPAD1	-0
IMPDH1	-0
INPP4A	-0
IPO4	-0
IPO8	-0
IRF2BP2	-0
IRGQ	-0
ISLR	-0
ITFG3	-0
ITGA1	-0
ITGA11	-0
ITGBL1	-0
ITM2B	-0
ITPR2	-0
JAM2	-0
JAM3	-0
JPH2	-0
KIAA1068	-0
KIAA1279	-0
KIAA1468	-0
KIAA1609	-0
KIF2A	-0
KLF6	-0
KPNA2	-0
KRR1	-0
KRT1	-0
LAMA1	-0
LAMA5	-0
LAS1L	-0
LCMT1	-0
LDB2	-0
LHFPL2	-0
LIMA1	-0
LIPA	-0
LMCD1	-0
LR8	-0
LRRFIP1	-0
LRRFIP2	-0
LRRK1	-0
LRRN1	-0
LSM14A	-0
LSM4	-0
LSM8	-0
LUZP1	-0
LYAR	-0
LZIC	-0
MAGED1	-0
MAK16	-0
MAN1B1	-0
MAP2K3	-0
MAP2K4	-0
MAP7D1	-0
MAPKAPK2	-0
MARC2	-0
MARCKSL1	-0
MDK	-0
MED15	-0
MFN1	-0
MGAT1	-0
MGEA5	-0
MGMT	-0
MIA3	-0
MICAL2	-0
MICALL2	-0
MICU2	-0
MIPEP	-0
MMGT1	-0
MMS19	-0
MOB1B	-0
MOB3A	-0
MOXD1	-0
MPDU1	-0
MPG	-0
MPRIP	-0
MPZL1	-0
MRI1	-0
MROH1	-0
MRPL14	-0
MRPL16	-0
MRPL22	-0
MRPL24	-0
MRPL51	-0
MRPS18A	-0
MRPS21	-0
MRPS22	-0
MRPS23	-0
MRPS24	-0
MRPS26	-0
MSH2	-0
MSRB3	-0
MTIF3	-0
MTR	-0
MVB12A	-0
MVK	-0
MXRA8	-0
MYD88	-0
MYH1	-0
MYL9	-0
MYLK	-0
MYO5A	-0
MYO9B variant protein	-0
NAA10	-0
NAA50	-0
NAT1	-0
NCDN	-0
NCSTN	-0
ND1	-0
NDUFA7	-0
NDUFAF4	-0
NECAP1	-0
NEDD4	-0
NEDD8	-0
NEGR1	-0
NELFCD	-0
NF1	-0
NFKB2	-0
NGFR	-0
NIP7	-0
NMNAT1	-0
NOC4L	-0
NOP10	-0
NOTCH2	-0
NPM3	-0
NR3C1	-0
NRBP1	-0
NRP2	-0
NT5C	-0
NT5DC2	-0
NTM	-0
NTPCR	-0
NUBP2	-0
NUCB1	-0
NUCB2	-0
NUCKS	-0
NUDCD1	-0
NUDT1	-0
NUDT16L1	-0
NUMBL	-0
NUP107	-0
NUP160	-0
NUP188	-0
NUP214	-0
NUP35	-0
NUP43	-0
NXF1	-0
OBSL1	-0
OLFML2A	-0
OPN4	-0
OPTN	-0
ORMDL3	-0
OSTF1	-0
OTUD4	-0
OVCA2	-0
PACS1	-0
PACSIN2	-0
PADI2	-0
PAK2	-0
PANX1	-0
PAPSS1	-0
PAPSS2	-0
PARL	-0
PARP14	-0
PAWR	-0
PBDC1	-0
PCDHA3	-0
PCYT2	-0
PDAP1	-0
PDCD10	-0
PDCD11	-0
PDCD5	-0
PDCL3	-0
PDDC1	-0
PDE6D	-0
PDS5B	-0
PELP1	-0
PFDN4	-0
PGM2L1	-0
PHKB	-0
PHYHD1	-0
PI4K2A	-0
PIEZO1	-0
PIGK	-0
PIGT	-0
PIK4CA variant protein	-0
PIN1	-0
PIN4	-0
PIP4K2B	-0
PKD2	-0
PLA2G4A	-0
PLAT	-0
PLCB3	-0
PLEC1	-0
PLEKHO2	-0
PLXNA1	-0
PNO1	-0
PNPLA6	-0
POGLUT1	-0
POLR2B	-0
POLR2C	-0
POLR2E	-0
PPAP2B	-0
PPM1A	-0
PPM1G	-0
PPP1R14B	-0
PPP1R21	-0
PPP4C	-0
PPP4R2	-0
PPP6C	-0
PQLC3	-0
PRAF2	-0
PREPL	-0
PRKG1	-0
PRNPIP	-0
PROSC	-0
PRPSAP1	-0
PRRC2C	-0
PSIP1	-0
PSMB10	-0
PSMB8	-0
PSMF1	-0
PSMG1	-0
PSMG2	-0
PTGDS	-0
PTGES3L-AARSD1	-0
PTMA	-0
PTPMT1	-0
PTPN23	-0
PTPNS1	-0
PTPRA	-0
PTX3	-0
PUS1	-0
PVRL2	-0
PWP1	-0
PWP2	-0
QKI	-0
QSOX1	-0
RAB12	-0
RAB22A	-0
RAB24	-0
RABEP1	-0
RABGAP1	-0
RABGEF1	-0
RABL3	-0
RANBP9	-0
RARS2	-0
RASA1	-0
RBM17	-0
RBM28	-0
RBM3	-0
RBM38	-0
RECK	-0
RFC2	-0
RFC4	-0
RGPD3	-0
RMDN2	-0
RNF126	-0
RNF213	-0
RNF40	-0
RNMT	-0
ROCK1	-0
ROD1	-0
RPA2	-0
RPA3	-0
RPAP3	-0
RPF2	-0
RPS15	-0
RQCD1	-0
RRM1	-0
RRP12	-0
RRP1B	-0
RRS1	-0
RSN	-0
SACS	-0
SAE1	-0
SAFB	-0
SAFB2	-0
SARNP	-0
SART1	-0
SCARA5	-0
SCD	-0
SCFD2	-0
SCO2	-0
SCRIB	-0
SCYL2	-0
SDF2	-0
SDR39U1	-0
SEC14L2	-0
SEC24B	-0
SEPHS1	-0
SEPT5	-0
SEPT8	-0
SERPING1	-0
SETD3	-0
SF3A3	-0
SF3B5	-0
SGPL1	-0
SH3KBP1	-0
SKIV2L2	-0
SKP1	-0
SLC12A2	-0
SLC29A1	-0
SLC2A1	-0
SLC30A7	-0
SLC31A2	-0
SLC35B2	-0
SLC35E1	-0
SLC44A2	-0
SLC7A5	-0
SLC9A3R1	-0
SLFN5	-0
SLITRK4	-0
SLTM	-0
SMAD4	-0
SMAD9	-0
SMARCA4	-0
SMARCA5	-0
SMARCE1	-0
SMG1	-0
SMN1	-0
SMYD1	-0
SNAP29	-0
SNCG	-0
SNF8	-0
SNIP1	-0
SNRPA1	-0
SNRPB2	-0
SNX17	-0
SNX18	-0
SNX27	-0
SNX4	-0
SNX5	-0
SNX8	-0
SON	-0
SORBS1	-0
SORBS2	-0
SPATS2	-0
SPECC1L	-0
SPG20	-0
SPRYD7	-0
SPTLC2	-0
SQLE	-0
SRGAP1	-0
SRL	-0
SRP19	-0
SRR	-0
SRRM1	-0
SRRM2	-0
SRSF4	-0
SSC5D	-0
SSPN	-0
STK10	-0
STK3	-0
STK39	-0
STP	-0
STX16-NPEPL1	-0
STX18	-0
STX5	-0
SUMO1	-0
SUPV3L1	-0
SURF1	-0
SVEP1	-0
SVIL	-0
SYAP1	-0
SYMPK	-0
SYNC	-0
SYNE1	-0
SYNE2	-0
SYNJ2	-0
SYNJ2BP	-0
SYNPO2L	-0
TACC2	-0
TAPBP	-0
TATDN1	-0
TBC1D15	-0
TBC1D17	-0
TBC1D2B	-0
TBC1D4	-0
TBC1D8B	-0
TBCC	-0
TBL3	-0
TBRG4	-0
TCAF1	-0
TCERG1	-0
TENC1	-0
TEX10	-0
THOC6	-0
THRAP3	-0
TIMP2	-0
TIPRL	-0
TJP2	-0
TMCO1	-0
TMED1	-0
TMEM119	-0
TMEM175	-0
TMEM222	-0
TMEM256-PLSCR3	-0
TMEM41B	-0
TMEM55A	-0
TMEM65	-0
TMEM70	-0
TMOD1	-0
TMSB10	-0
TMSB4X	-0
TNFRSF6	-0
TNKS1BP1	-0
TNPO2	-0
TOLLIP	-0
TOM1L2	-0
TOP2B	-0
TPMT	-0
TPRKB	-0
TRAM1	-0
TRAPPC1	-0
TRAPPC4	-0
TREX1	-0
TRIM23	-0
TRIM32	-0
TRIM38	-0
TRIO	-0
TRIP12	-0
TRMT1	-0
TRMT11	-0
TRPV1	-0
TTC1	-0
TTC38	-0
TUBGCP2	-0
TUSC3	-0
TXNIP	-0
U2SURP	-0
UAP1	-0
UBA5	-0
UBE2L6	-0
UBE2O	-0
UBE3C	-0
UBFD1	-0
UBLCP1	-0
UBXN6	-0
UGGT2	-0
UPP1	-0
USP15	-0
USP24	-0
UTP6	-0
UXS1	-0
VASN	-0
VAV2	-0
VCPIP1	-0
VPS13C	-0
VPS25	-0
VPS28	-0
VPS33A	-0
VPS36	-0
VPS37B	-0
VPS39	-0
VPS51	-0
VPS53	-0
VTN	-0
VWA8	-0
WASF2	-0
WASH	-0
WDR18	-0
WDR26	-0
WDR43	-0
WDR57	-0
WFS1	-0
WIBG	-0
WNK1	-0
WWTR1	-0
XPO5	-0
XRN1	-0
XRN2	-0
YY1	-0
ZADH2	-0
ZC3H15	-0
ZC3HAV1L	-0
ZNF183	-0
ZNF292	-0
ZNF326	-0
ZNF512	-0
ZNF579	-0
ZW10	-0
hCG_1773630	-0
hCG_1820375	-0
hCG_1821276	-0
hCG_28765	-0
hCG_40733	-0
mcdrh	-0
ANXA2	-3.127831514877648e-14
PDGFRA	-3.958480538039269e-4
FAM184B	-0.0013141591237061895
PDE4DIP	-0.004895200605109323
MRPL49	-0.0053174268970770395
MEMO1	-0.005579143103194147
UFL1	-0.005888777470563111
MAPK3	-0.006471015626636513
CECR5	-0.010227125105698074
GSTM3	-0.010948076644713232
RER1	-0.011459364209720446
MECR	-0.013374741209635471
UBE2V1	-0.017003768384598692
EIF2B5	-0.01954264310502228
RBM39	-0.02469957937125108
ESYT2	-0.026036670936219388
PITPNB	-0.026696626464415025
ATP6V1B2	-0.028218240503571235
TMX1	-0.02868705444087865
SDHC	-0.0297408433788507
EIF6	-0.033075326007747596
CISD2	-0.035523866374461345
DDX42	-0.03570352956529247
ADPGK	-0.038506108864183784
AFG3L2	-0.039528089686003604
hCG_24991	-0.043738811593952806
EIF5	-0.04428201755695733
ARPC3	-0.044569839062762885
FAM162A	-0.050036706312620464
CACNA2D1	-0.0504311687026489
FAM114A1	-0.05696877294566462
SNX6	-0.06058932963171444
NME2P1	-0.06354934581647706
COPA	-0.06943862701833797
MPST	-0.07077020139111823
HEL-S-271	-0.07260769348862421
RPS6KA3	-0.07326320894887309
PREP	-0.07561352395249575
SARS	-0.07663836842064224
ATP5D	-0.07709255804542571
COPS7B	-0.07755518018104107
HEL-S-28	-0.08108710103130161
PRPF6	-0.0821344453318093
ARHGEF1	-0.08226443880860793
AHCYL1	-0.08309881372407861
MCCC2	-0.08446290046920651
SPCS1	-0.08502133835810859
PRKCDBP	-0.08747633923679482
HEL-117	-0.09659397221817823
MRPL44	-0.09757716813334019
NPLOC4	-0.09798888614772018
MRPS9	-0.09808943491020362
UCHL5	-0.09821943104737797
HEL-S-68p	-0.10683918026244053
NDUFS1	-0.10935299507844386
NDUFAF2	-0.11113212639016631
PHB	-0.11278194175787695
APP	-0.11375907528285228
ENDOD1	-0.11836536983084611
PSMD13	-0.12184642260745328
PAICS	-0.12950909723570822
LETM1	-0.13365330690454594
HADHA	-0.13674645269909305
CUL1	-0.13937080464042037
SEC31A	-0.14165234766618073
EPS15L1	-0.14512848073839418
GPX4	-0.14569216647611619
HADHB	-0.14953438225674492
PGRMC2	-0.15674365660184972
RAB23	-0.15717197711162073
NDUFA12	-0.1635211223953623
METAP1	-0.1641809979287016
ATP5I	-0.16550981875944817
IDH3A	-0.166838694822408
SCRN1	-0.16702347101880954
HEL-S-95n	-0.17066938864218786
MRPL38	-0.1735158864722428
RAB4B	-0.17573135338883708
VCP	-0.17720750279953043
MRPL13	-0.1795398873123334
GOT2	-0.18030687407737006
UQCRC2	-0.1829340075336057
KDELC2	-0.18592629420779822
DBNL	-0.1890250565532492
PDHB	-0.18904025280684011
OXR1	-0.18909812298270978
BTF3	-0.1893344580363467
USP9X	-0.19058649465207947
HEL-S-107	-0.19290400453100903
ECHS1	-0.19527800642297946
MRPS27	-0.1991363321703481
IPO7	-0.20054393924188962
ACADVL	-0.20114408714865212
RPS19	-0.20822994726849173
BCAP31	-0.21632417218413932
SRSF6	-0.22012521463031967
GLO1	-0.22055417871466676
EIF3S9	-0.2210042230592255
IDH3B	-0.22233235083623284
PSMA7	-0.22255485241423043
CLIC4	-0.2265573558482588
USP5	-0.22785784858993222
IQGAP1	-0.22950938890386713
KPNA1	-0.24141071004764653
APOBEC3C	-0.24415458023493689
GSN	-0.258239973822596
SSRP1	-0.2596541659176822
PON2	-0.2601041088354568
MGST1	-0.261084603558636
LONP1	-0.26205069125336217
USP7	-0.2638121737614124
WBSCR1	-0.26469139252442125
LMAN2	-0.2651031449877052
EIF3C	-0.26764846019835736
RAB21	-0.26835863091210266
DCN	-0.27244209039360623
SPTLC1	-0.278979341830849
PDGFRB	-0.28019785033103617
UBE2L3	-0.28025462688259817
CNBP	-0.2818390770469809
ARHGAP1	-0.2855347433008711
DRG2	-0.29680560915283627
CTNNB1	-0.30155157027547536
DIAPH1	-0.30660692018988045
ETFA	-0.30875553783217907
SLC25A3	-0.3115737604366465
OSBPL8	-0.31417280529683217
MMAB	-0.31536639517487736
ECH1	-0.3188732133315113
ARPC5	-0.3191088393884216
TST	-0.32259697132186843
HEL-S-55	-0.3264754705549072
DLAT	-0.3278075813694702
ACTN4	-0.32871128674232053
TIMP1	-0.3331076632425149
RAB7A	-0.34023525780527125
GNAS	-0.34180759740631217
RHOA	-0.34442555760152266
CALD1	-0.3461127491759205
COX7A1	-0.34694349558371856
DPM3	-0.34924731635582185
PPP2R1A	-0.3537799941649408
PFDN2	-0.36602777852844687
DNAJC10	-0.36630005720167536
DPP4	-0.36797899240485293
TSN	-0.37165394309167665
HTATIP2	-0.3721137176882978
KDSR	-0.380916121217162
HEL-S-22	-0.39263410368145046
LAMTOR1	-0.40308475938641913
DCTN3	-0.40346619994533056
TCEB2	-0.41228390821635635
NDUFB4	-0.4135291462739532
LMF2	-0.4179796792249373
COMT	-0.4248751882727641
SLC25A11	-0.4254919977796561
PSMC3	-0.43051336967165027
LMBRD1	-0.4341787417225993
SEP15	-0.4454725100254188
AP3S1	-0.4480657616158493
UQCRC1	-0.4513224958547526
PICALM	-0.4612629439816989
COPS8	-0.4635534345235519
UBA2	-0.4653790021613636
HNRPUL1	-0.4683993014391746
FKBP10	-0.46986853125821204
SND1	-0.4728499575305472
RPL36	-0.4735923584954389
TFPI2	-0.4833173178012672
TUBAL3	-0.48912332459354396
VKORC1	-0.49294510935863173
ACAT2	-0.49464240112642777
DLD	-0.4987218263349254
SLIRP	-0.5014721243877416
RAB1B	-0.5030467290410018
VATD	-0.5030930563181742
NSF	-0.5053895810179859
DNAJC11	-0.5071585672337146
DKFZp686M1669	-0.5106030892838197
OXSR1	-0.511484990337781
LRRC59	-0.5199636941478025
ECI2	-0.526086542674815
PABPC4	-0.5312970766612651
ATP5O	-0.540120491393094
NARS	-0.5479711043347807
CALR	-0.5491052493163071
BTF3L4	-0.5510492147622407
QARS	-0.5528750233053191
DNCL1	-0.5647587000932053
EIF3A	-0.5652887129593224
MAP4K4	-0.5749111903241646
PRKCA	-0.590601798975109
HEL-S-77	-0.5918873189157806
ATAD1	-0.6008440559517407
PAFAH1B1	-0.6058878356210966
ADAM9	-0.6069215421019812
RPS4X	-0.6100553049582469
HEL-S-128m	-0.6170213952009631
TOMM40	-0.6233438698326151
MT-ATP8	-0.6295508631332136
SNRPD1	-0.630464706725171
NSFL1C	-0.6325532846348826
CBX3	-0.6346351964852301
KIAA0196	-0.6355345464112253
SLC25A6	-0.6359094264867163
MRPL46	-0.6371147076633884
RPN1	-0.6406451277833832
EIF4G1	-0.6408714987473083
RALB	-0.6449292098821044
CSNK2B	-0.6450569720717819
SURF4	-0.651262423199268
HEL-S-15	-0.6521790894744398
SCAMP3	-0.654797193895576
RBM8A	-0.6550896440435963
ITGB5	-0.6551974322643274
MMP14	-0.6650689324853644
RRAS2	-0.667235865568379
CLPP	-0.6808223605420289
SNX12	-0.6821873065823582
VASP	-0.6823447821234567
TMEM165	-0.6837127614539376
LRPPRC	-0.6901317623519759
ZMPSTE24	-0.6913671706700482
ACP1	-0.6952049329025686
MAT2A	-0.6969606717233185
EBP	-0.7029648968671388
ENO2	-0.7052272225086625
ANKFY1	-0.7066480516928779
RPS5	-0.7080263143644928
RPL19	-0.7116741711833506
AP3B1	-0.7128670728669203
ACAD8	-0.7198383289008802
BAG2	-0.7284535147036159
TP53I3	-0.7294919086152284
hCG_1998851	-0.7309280130256451
EIF3K	-0.7342226929849652
ARL1	-0.7347689948277103
AIMP1	-0.7371733128738271
ACTB	-0.7379138241320754
USO1	-0.7389039289066445
TLN1	-0.7395393733748742
TFG	-0.7438109675139872
TTC37	-0.750732609833768
UBXN4	-0.7510943982661511
CD44	-0.758555136937813
SRPRB	-0.7684242080413141
PRNP	-0.7889785942288027
HADH	-0.7921089559720461
SBDS	-0.7932979047799648
MACROD1	-0.7933558247612432
hTIM44	-0.793402239802453
DHRS7	-0.798756837291252
ATP5J2	-0.7992297989796489
IDH3G	-0.799920953369528
DNPEP	-0.8001407076111513
ADAMTSL1	-0.8008748351296395
COX5A	-0.80120138483754
EIF3I	-0.8070451401098822
MCTS1	-0.8130782676952284
CLIC1	-0.8146735013348922
CCT5	-0.81538802270449
PARVA	-0.8166783328675554
HIGD1A	-0.8169591986310698
KRTCAP2	-0.8221352332566373
SOD2	-0.82427744264291
NAA15	-0.8256848981384046
UQCR10	-0.8265632045681012
VPS35	-0.8307487161902748
API5	-0.8361303304607602
CCDC51	-0.8369735314168206
SDPR	-0.841994903742317
CTHRC1	-0.8437318032131981
PSMB5	-0.8445488381794188
PPM2C	-0.846440484283269
RPS7	-0.8467019058098061
TAGLN	-0.8485119388668537
LRRC47	-0.8495107378095141
MRPL12	-0.8596860008980867
MAP2K1	-0.8597178986208446
AP2S1	-0.8671690596471037
FAP	-0.8689631387584235
ENAH	-0.8690117506086066
CYCS	-0.8712447289430874
ACTR3	-0.8762578836863728
CDIPT	-0.8802674264856737
MIF	-0.8832288447168264
TBL2	-0.8895402106755296
HSPH1	-0.8897512437223192
COX6A1	-0.8938028947392156
PLAA	-0.8949076721725144
SPRYD4	-0.8949842057633449
EL52	-0.8958324087284005
EIF2S2	-0.896804288337919
ARF3	-0.8974219460487788
LTA4H	-0.9188800419460501
CLINT1	-0.9194056552087682
SERINC1	-0.9215655151658796
RPL23A	-0.9236388948910502
SNRPA	-0.925332868322193
LSM6	-0.9278032874721841
ARPC2	-0.9292745432033758
COL16A1	-0.9294384339171619
KNS2	-0.9308447980780741
MOGS	-0.9313805705267132
MRPL45	-0.9339733097084407
TXNDC12	-0.9346696761758028
ATP2A2	-0.944683372595954
HSPA6	-0.9483820767430359
GLTP	-0.9491383854896681
DNAJA1	-0.9525133385359447
TCIRG1	-0.954674582034514
DHX15	-0.9601749261163374
NTMT1	-0.9700398633132342
GART	-0.9704870992545063
PUF60	-0.97354123137481
STAM	-0.977160940029976
SYNCRIP	-0.97882071616558
DDX19A	-0.9823505321533071
ND3	-0.9835165907199032
DOCK10	-0.9847901986499161
MAT2B	-0.9862988295112293
TXNDC17	-0.9890523699559965
PHGDH	-0.990555907603844
HSPE1-MOB4	-0.9910231250748132
MRPL43	-0.9947720745043074
PSMD6	-1.0038501957370836
HEL-S-94n	-1.0083869267019478
PES1	-1.0220516477082353
EIF1AX	-1.0220516494804166
ACTR1A	-1.0250932071423235
SEC61A1	-1.0279185648301559
RAB2	-1.0314675488233946
STRN3	-1.0335129716059173
SF3B1	-1.0339860242107268
CPNE1	-1.0345680974054345
ATAD3A	-1.0346110543280782
HSP90B1	-1.0349480267420526
YKT6	-1.0376901853890623
RRAGA	-1.0386194609067496
PTRH2	-1.0406964949122155
EIF2AK2	-1.0425113951999918
CFL2	-1.0478306197234417
NT5C2	-1.0492418427435994
DAD1	-1.0495063121456418
SFXN3	-1.049650371819125
BLVRA	-1.0512219242930694
GFM1	-1.0520901287001831
APEH	-1.0533966828262273
KIAA1715	-1.0536987994001632
PSMD2	-1.0576881231836055
SH3GLB1	-1.060259081518161
PSMD11	-1.0610584225355237
ACSF2	-1.0644624144576458
RPL39P5	-1.073033960642077
SLC3A2	-1.074069096118206
MT-ND5	-1.0745430810978664
TMEM43	-1.074579127567551
ACTG1	-1.0748757940490414
RAB3GAP2	-1.0762509528894255
RCN2	-1.0762510665763243
MVD	-1.0762511522866995
EIF2B2	-1.07625130443733
KIAA0391	-1.0762514025083565
GAPVD1	-1.076251529995803
SELM	-1.0762516152109225
DYNC1I2	-1.076251675424262
GIT2	-1.0762517529322606
GAF1	-1.0762567813297734
TMEM201	-1.0762568472532525
PRKAA1	-1.0762569018314119
NSUN2	-1.0762570315748214
Hin-3	-1.0762572600128055
NUDCD2	-1.0762572884031836
SF3B4	-1.0762574049561688
NDUFAB1	-1.076257440083571
GNPDA2	-1.0762574760223762
PIGS	-1.0762575162867056
TBC1D9B	-1.076257602409932
BCCIP	-1.0762576242763018
WDR61	-1.0762576433212503
COMMD8	-1.0762576523733944
GMPPA	-1.076257696278978
EMC8	-1.076257728361208
SLC1A5	-1.0762577941992575
TMEM113	-1.0762578239389708
DCTN4	-1.07625799309974
PPP1CA	-1.076258079480104
ADSL	-1.0762581037159895
MRPL55	-1.076258209590963
ALG1	-1.076258239902919
HINT2	-1.076258257491696
IGF2BP1	-1.0762583190558095
CCDC53	-1.0762583424942325
CAPN5	-1.0762611094655568
COX1	-1.0762611339813883
FAM134C	-1.076261181050537
RPLP1	-1.076261188258562
COMMD10	-1.076261206747881
AGTRAP	-1.0762612248947414
DERL1	-1.0762612632416415
EMP3	-1.076261289773809
ODR4	-1.0762613318815615
ALCAM	-1.0762634006686258
ALG2	-1.0762634644479125
TXN2	-1.0762635042113995
SGCG	-1.0762636283889113
BCAT1	-1.076263642048729
ELOVL5	-1.0762650177950603
DDX21	-1.076265061853927
EPS15	-1.076265074210329
MAVS	-1.076265154102717
LOXL4	-1.0762651639257552
CHP	-1.0762662475353126
NBAS	-1.076266252743318
INPP5K	-1.0762662817380433
PITHD1	-1.0762673927653879
MAN1A1	-1.076267459184736
INPPL1	-1.0762674710723485
pk	-1.0762678445959601
POLR2L	-1.0762678564478696
ARHGEF5	-1.0762678819321494
MRPS15	-1.0762678871528728
HERC4	-1.0762679074926151
ADCK3	-1.076267959044573
MRPL9	-1.0762679791682077
PPIC	-1.0762679809589113
GABARAPL2	-1.076267982274295
HSPA14	-1.0762679862785018
SUI1	-1.0762684367931485
SFRS11	-1.0762686669286954
NHLRC2	-1.0762686697929373
LOX	-1.0762686849018204
PPME1	-1.0762686962802854
CIAO1	-1.0762686972258728
VPS4B	-1.0762687011982004
EEF1A2	-1.0762687034326264
RYR1	-1.07626870714512
FXR2	-1.0762687087193217
HAGH	-1.0762687124185
PVR	-1.0762687200205114
CKAP5	-1.0762687212694415
CDC42BPB	-1.0762687258991008
USP47	-1.0762687270011035
BET1	-1.0762687311364572
ARFGAP1	-1.0762687330494662
POFUT1	-1.0762687343387842
METTL7B	-1.0762687359350485
EPB41L3	-1.0762687388059393
LEPREL4	-1.076268739810804
MICU1	-1.0762687434948348
SCYL1	-1.0762690172768719
PDLIM2	-1.076269022355309
CERS2	-1.076269023468191
EXOC3	-1.0762690267571602
SIRT2	-1.0762690283510727
ARMT1	-1.0762690344462187
RMND1	-1.0762690344462187
DHRS7B	-1.0762690398501449
PRUNE2	-1.0762690454338808
FTSH	-1.0762690489330946
POLR1C	-1.0762690489330946
YES1	-1.0762690575460219
GOLT1B	-1.0762690616420756
GNAQ	-1.0762690650973623
SEC24A	-1.076269074545279
POFUT2	-1.0762690783613
TOR1A	-1.0762690811407678
STMN1	-1.0762690811407682
C12orf10	-1.0762690819992347
COL5A3	-1.0762690826075085
GOLGA5	-1.0762691783440006
MYO6	-1.0762691831652782
OBSCN	-1.0762691857851874
MTHFD1L	-1.0762691893586611
TMEM120A	-1.0762691921452319
NOC2L	-1.0762691950059344
TAOK3	-1.0762691957659387
MICAL1	-1.0762691997130591
PSME3	-1.0762692014700908
KDELR2	-1.076269201953335
EMC7	-1.0762692053235463
DHRSX	-1.0762693065949414
LANCL2	-1.076269307851759
RNF7	-1.076269310328889
RBM4	-1.0762693190448631
TMEM87A	-1.0762693196693485
LARP1	-1.0762693210701764
FRYL	-1.0762693224898774
ARIH1	-1.0762693266314376
GOLGA2	-1.0762693282011158
PPP2R5D	-1.0762693292034733
SLC27A1	-1.0762694010447198
CARM1	-1.076269410401771
BRIX1	-1.0762694133958186
CUL2	-1.076269416207149
ATP2C1	-1.0762694179790193
DDX27	-1.076269419126195
GTF2I	-1.0762694196522977
LARP7	-1.0762694204748147
PPP5C	-1.0762694218411526
VKORC1L1	-1.0762694291715018
SLC39A14	-1.0762694301794178
NRD1	-1.0762694315864367
ADAM10	-1.0762694339716763
EDC4	-1.0762694339716763
DHX29	-1.076269439107088
RBMS1	-1.076269439107088
FTSJ3	-1.0762694417388776
EIF2A	-1.076269443809803
MON2	-1.0762694463598517
hCG_30204	-1.0762694478905561
GNA13	-1.0762694502923917
MRPS25	-1.0762694514127267
POLDIP2	-1.0762694519698275
PTRHD1	-1.0762694530212578
TMBIM1	-1.0762694555559313
IKBKB	-1.0762695208287518
WBP2	-1.0762695234933142
TMEM214	-1.0762695247579714
ACAD11	-1.0762695311232588
NEMF	-1.0762695319020401
YLPM1	-1.0762695339968642
GPAA1	-1.076269536315036
HPRT1	-1.0762695386873058
ITGA6	-1.076269539057572
SLK	-1.0762695413499173
TP53BP1	-1.0762695429936302
LNPEP	-1.0762695440718737
CDK5RAP3	-1.0762695449782158
DGKA	-1.0762695458233191
SETD7	-1.0762695462779035
ACSS2	-1.0762695474093538
UBXN1	-1.0762695477343303
PTDSS2	-1.0762695481508744
TOR1AIP2	-1.0762695485424947
SUPT5H	-1.0762695540050686
SH3GLB2	-1.076269555121583
TGFB1I1	-1.0762695586203646
GAR1	-1.0762695589047764
EIF2B3	-1.0762695615941005
ANGPTL4	-1.076269562434364
ARHGEF6	-1.0762695642344333
BCAP29	-1.0762695649537342
GCAT	-1.0762695661947255
SEC63	-1.076269566700068
UBAP2L	-1.0762695699517177
KLC2	-1.0762695705802814
NAT14	-1.0762696211396898
ABLIM3	-1.076269627644349
ATP6	-1.076269627956342
EIF3S1	-1.076269627956342
LDLR	-1.0762696284637316
SLC12A4	-1.0762696296173708
A2M	-1.0762696300518817
TNS3	-1.0762696300518817
ITGA4	-1.0762696306853357
SORBS3	-1.0762696335875892
DST	-1.0762696809809118
CIAPIN1	-1.0762696812480779
ASMTL	-1.0762696850998354
NDRG2	-1.0762696856814093
TMEM33	-1.0762696862226713
MTOR	-1.076269689685475
FLII	-1.0762696898660844
LAMTOR3	-1.0762696903147895
ERLEC1	-1.0762696916187695
NCEH1	-1.076269692824443
STIM1	-1.076269694026289
KLHL40	-1.0762696956126376
STMN2	-1.0762696966858325
FAU	-1.0762696977376398
ERGIC2	-1.0762696993573773
EZR	-1.076269703310186
CLEC11A	-1.0762697035764748
WDR12	-1.0762697054951595
ATP1B4	-1.0762697096624751
NCBP1	-1.076269711859955
KIAA0368	-1.0762697139177946
DYNC1LI1	-1.0762697142945687
SEMA7A	-1.076269715311552
MAP2K2	-1.0762697155705165
RRP1	-1.0762697172661673
WNK2	-1.0762697178654779
PIK3CA variant protein	-1.0762697193716024
TSTA3	-1.0762697193716024
HBS1L	-1.0762697248666717
HEL-68	-1.076269726557456
COL3A1	-1.0762697315514296
PPP1CC	-1.0762697355493898
PACSIN1	-1.0762697365462373
PRSS23	-1.0762697373702583
NPEPL1	-1.0762697384319102
GAK	-1.0762697386300408
DYNLT3	-1.0762697421737675
KPNA3	-1.0762697430415824
SRP54	-1.076269743393067
ANK3	-1.076269747410464
ENO3	-1.0762697536151153
GCLM	-1.0762697565578274
TNNT1	-1.0762697606245424
DNAJC5	-1.0762697627871851
SNX3	-1.0762697713668083
MYH2	-1.0762697715752483
MOV10	-1.0762697717220295
DDRGK1	-1.076269775933643
SMC1A	-1.076269779817942
C14orf2	-1.0762697860006152
ZNF529	-1.0762697872556841
DYNC1LI2	-1.07626978895144
NDUFB3	-1.0762697958363654
NOL9	-1.0762697983931688
MXRA5	-1.0762698133803146
ITCH	-1.0762698171769645
EXOC2	-1.0762698189733215
VPS33B	-1.0762698189733215
GNA14	-1.0762698269403208
CLIP2	-1.076269829818865
PELO	-1.0762698384540879
SLC25A12	-1.078115351817472
ATG3	-1.079614896900054
MTCH1	-1.080973878105902
PRMT5	-1.0821065713628835
ME2	-1.083373471331596
TJP1	-1.0839531069525683
ASS	-1.0855432665342233
SIGMAR1	-1.08636616171159
CDKN2A	-1.0873271203303927
PRKAG1	-1.0881830837229955
SARS2	-1.092362474364214
FSCN1	-1.0947972494083797
FKBP4	-1.09931722265339
TARDBP	-1.099378006133684
UBE2D3	-1.100031403968131
SQSTM1	-1.100882448116181
BCLAF1	-1.103140902609098
ISCU	-1.1051826160634404
RTN3	-1.1060329654768646
APOB	-1.1061524895694754
HEL-S-112	-1.108254175904025
RPL12	-1.1113859964744164
TIGAR	-1.1164938814596232
RAB18	-1.11828156882646
PTCD3	-1.1184704292686356
SCAMP2	-1.1192060993768123
RPL27A	-1.123391278273988
HACD3	-1.125238762908187
TMEM109	-1.125727594787172
HNRNPAB	-1.1263001307864169
MBOAT7	-1.1267086470790968
CDC42	-1.1289974715013025
NECAP2	-1.129635821168251
NMT1	-1.1305179773674283
COASY	-1.1309991893637923
M6PR	-1.135619552519065
RAB32	-1.1362917433271673
TRIOBP	-1.1365152515603223
RARS	-1.1367563603083572
SEL1L	-1.1400654431094692
EIF2S1	-1.1420777392391042
TNS1	-1.1421703323364563
MAPK1	-1.144016930867074
DFNA5	-1.1443499728220392
RPS13	-1.144386842155277
LRRC17	-1.1499191277412057
HEL60	-1.153821826126317
USMG5	-1.1551447513978679
FHL3	-1.1586331238464895
TSFM	-1.1600750136868425
RAB10	-1.1624075665317994
NAP1L4	-1.1653482973573728
PGAM5	-1.1786413552831538
MYO1D	-1.1788410313118898
CLPTM1	-1.1823078526398532
ECI1	-1.1853780291943508
SACM1L	-1.190124496283768
MAGED2	-1.1908706056619893
KCTD12	-1.1964218950745622
KHDRBS1	-1.1992885940947986
TM9SF4	-1.2008909443097535
LSS	-1.202927740073743
FARSLA	-1.2117006818827263
HEL-S-45	-1.218757580145683
BCKDK	-1.2191667335734606
SCCPDH	-1.2246660754666303
DHX9	-1.2274260075234793
RAP1GDS1	-1.2283499263770428
ACOT9	-1.2294639710684134
RBX1	-1.2314757159487328
RPL10A	-1.2396588071171488
MARCKS	-1.2406544644662247
EMC2	-1.2408416952411654
MRPS31	-1.2465128153706528
TXLNA	-1.248429900297801
ATP1B3	-1.2491675995387164
CORO1C	-1.2511181839672734
RPL29	-1.253425744035952
PSMB2	-1.2615637659752532
PCYT1A	-1.27021510909702
C1QBP	-1.2744672438716742
ADFP	-1.2755835618113027
CRTAP	-1.277743699587369
SCUBE3	-1.2845353487117197
PSMD4	-1.2845982479537859
SEC11A	-1.2869401832837952
DDB1	-1.2877726308002722
TMED9	-1.2915426427034604
EIF5B	-1.2970104908309723
PDCD4	-1.2974890368062502
CDC37	-1.3097456622633172
PSMC4	-1.3119744950006778
RAB8A	-1.3153160263177643
PSMA5	-1.3194886612011327
ERLIN1	-1.3199025291958932
NIPSNAP1	-1.3269222153263207
AP2M1	-1.3427091973997927
DKFZp686O15119	-1.3467829169615195
RPL38	-1.3501403986453873
FDPS	-1.364135221097144
TUBB3	-1.368773651865152
HSP90AB1	-1.3803190745628515
CAPN2	-1.400593280664993
PGM3	-1.4008465645421988
PYCR1	-1.4061582751188482
UGP2	-1.411347827047008
hCG_2032701	-1.412418221714304
MYO1B	-1.4153616650149279
MYL6	-1.4157071025413808
RPL23	-1.4177238767581686
RHOC	-1.4184794978947965
EIF4G2	-1.4194110128932436
TPBG	-1.4194308708744174
AP1G1	-1.4346643339507104
APRT	-1.4375897035302523
RPL17	-1.438115530332584
APOC3	-1.446044079068137
CYC1	-1.4491716857062193
AP3D1	-1.451183104298391
PSMB1	-1.4553921614814376
ITPA	-1.4580749475235693
FKBP9	-1.4647218511843585
ATP6V0D1	-1.4846800108770128
PSMA3	-1.486939103722205
PSMC5	-1.4921435795854852
DDX6	-1.5069178179997975
DECR2	-1.5128318694177587
DHRS1	-1.5133689666217642
JTV1	-1.5198102863498553
ADRM1	-1.522898104070377
PFKL	-1.527903993801121
TPP2	-1.5336237699896516
DYNLT1	-1.5360748420968555
AP2A2	-1.5375113676827001
VDAC1	-1.5398869039884244
RAB6A	-1.5418023014490574
RANGAP1	-1.5461122950939639
ATL3	-1.5527484452234124
ATP6V1G1	-1.554530378958118
HNRNPH2	-1.5635761109434758
HEL-S-80p	-1.5647387387212832
SLC25A4	-1.5741814180892637
BAX	-1.5757647029230737
AKR7A2	-1.5909730025282989
ACAD9	-1.591474865052741
PRIC295	-1.6104418475584608
NNT	-1.6137603112714654
TIMP3	-1.6177406701312678
TMED10	-1.625842327486275
TMED7-TICAM2	-1.6301006212763844
ATP13A1	-1.641764606508463
DDX1	-1.644467262248396
EEF1B2	-1.646684422461832
SRM	-1.6529103116408503
PSMA2	-1.6606720156880563
DNAJC3	-1.6607425384572954
HDGFRP3	-1.6616753482254363
TOMM34	-1.667804992449535
NAP1L1	-1.676188768612003
FXR1	-1.6899058232326698
POR	-1.697037087351822
ALDH2	-1.702275006131467
STT3B	-1.7059804635839313
LTBP2	-1.7098641750846373
TUBA1A	-1.720317494709648
EIF3L	-1.7248625403320488
AP2B1	-1.7344056906240226
PRPS1	-1.7351547519156352
SRPR	-1.7358812520408722
EIF5A	-1.7484125958037415
PFN1	-1.7522346639211734
MXRA7	-1.7628320240262414
RPL13	-1.7671579729033713
YBX1	-1.7779188778802484
DBN1	-1.7781056083881621
RPL11	-1.7921415694958105
SSR1	-1.7946840937557047
HEL-S-89n	-1.794789591806558
KIF5B	-1.7960302038146465
LIMS1	-1.8060003625965226
SEPT11	-1.8170212591306787
ATXN10	-1.8196912950142758
CD109	-1.826815833641753
CMAS	-1.8286217873541293
IGF2BP2	-1.8410487318712112
ARF4	-1.8428669520982575
VDAC2	-1.8548015867286984
GNB2	-1.8556896660727822
PSME1	-1.8577589977096332
DKFZp686P17171	-1.8605309188837558
YIF1A	-1.8627229413950095
COPB2	-1.879157010041196
TUBA1C	-1.914292503260315
LMAN1	-1.9208911368860693
RPSA	-1.9224054263808714
ABCE1	-1.9230657598792995
DNAPTP6	-1.9238008573272574
FKBP7	-1.926236923244326
HEL-S-100n	-1.934209940260395
RPS2	-1.9494716561889769
SEC22B	-1.9554289912319385
RPS6	-1.980896294346471
ACAA1	-2.001318702554274
XPOT	-2.0212020469559144
IKBIP	-2.030183160698481
MSMO1	-2.0317930489586886
MRPS7	-2.04676539284197
TARS	-2.055899007625074
PSMD7	-2.07094273627888
PRMT1	-2.0725779908314044
HYOU1	-2.073816169285946
RPL18	-2.083815152610505
NEB	-2.090112071315478
TMEM97	-2.0941297833416934
COL5A1	-2.1011638819414276
RPS23	-2.1068164786679637
GRPEL1	-2.1077927549590876
RPL27	-2.116498462019296
PMPCA	-2.1246007925489607
G3BP1	-2.1446445571800905
AGPS	-2.149043054538436
AEBP1	-2.150657525225854
TCEB1	-2.1525972481732256
HIST1H2BJ	-2.152829745184184
HEL-S-164nA	-2.1530928573697445
ERLIN2	-2.161086407116252
FHL2	-2.1622077563072377
CCDC47	-2.1820886509332307
HEL-S-39	-2.1967870042764663
EIF4E	-2.1978774715148544
CYB5B	-2.202846466305508
DNAJA2	-2.209292022864544
ACTR2	-2.2343695086817075
SUCLA2	-2.258240084685192
UGGT1	-2.2693580010653513
CD82	-2.271767067497963
GAS6	-2.280605560685671
HNRNPDL	-2.2959915644499467
IGF2R	-2.2982780612015556
HEL-S-274	-2.3016415778398542
RPS3A	-2.3284716829453878
PSMD3	-2.3517267646786393
HK1	-2.353439318178365
COX6C	-2.3574743619898513
MATR3	-2.3605062259730083
CYB5R1	-2.3644702660904895
TCP1	-2.370975837115761
ALDOC	-2.387039601684672
PLOD3	-2.3969470824988437
ANXA11	-2.4065628296139296
VDAC3	-2.438699356090541
RPL22	-2.4892078739171866
GLRX3	-2.499962442922563
HM13	-2.5104179715386916
AHCY	-2.5155600759990593
FAHD2A	-2.524431084589608
SAR1A	-2.5456970673431676
PSMA4	-2.6324318481419797
SPARC	-2.632931150891491
SEC61B	-2.6368553676697664
PSMC6	-2.645567005908658
PMPCB	-2.6613308336605996
AHNAK	-2.666715350042365
PSMD1	-2.6763793655063557
CARS	-2.6819910781173144
SSB	-2.685940671565141
STX12	-2.690740200711499
TMX3	-2.6963795174132827
KIAA1033	-2.716651580816449
IMPDH2	-2.7373324422910197
MACF1	-2.7523065997767167
RRAS	-2.7739399125259143
GNB2L1	-2.798885449055809
ARPC4-TTLL3	-2.820810454122138
RPS20	-2.844396196196176
KPNB1	-2.8477010634088007
SYPL	-2.8568143171798037
THY1	-2.860723200587269
DYNC1H1	-2.8607328805654295
PSMD14	-2.8609721858734924
C9orf88	-2.872580084409494
HEL55	-2.900919947675709
UBE2Z	-2.904310311310236
ANP32A	-2.9091069266794953
RPS25	-2.9093542832648636
ITGA7	-2.9116057116781207
NAPA	-2.9174948663936267
CCT7	-2.9207794589555816
MESDC2	-2.928925503196917
ARL6IP5	-2.93233427037469
NAGK	-2.9416684637135546
FLOT1	-3.0041457326289023
COL12A1	-3.00756800290778
CARHSP1	-3.030745372105083
PFKM	-3.033549540685882
AHSA1	-3.0723148877373014
PSMD12	-3.0728729701934516
EIF4A1	-3.1119950122478333
DDOST	-3.146634130378998
RPS9	-3.1511983507586088
DHCR7	-3.153004856461686
KHSRP	-3.165233227426927
ICAM1	-3.220216452861183
P4HA2	-3.230588281532782
NOP58	-3.245589720211797
STAT1	-3.2591593335293303
CPM	-3.2628427419385244
CEMIP	-3.2649046327631006
CCT4	-3.2746216487381195
THBS2	-3.274796878928491
RPS3	-3.2776892419636363
PML	-3.2907027601697725
ANXA1	-3.2929661375386714
hEMMPRIN	-3.2936395804891765
LOC51064	-3.312237575368733
ERO1L	-3.3175743660552928
TPT1	-3.3291458410174983
RDH11	-3.3381386455896123
NPC1	-3.3406774143016458
RELA	-3.342887142314835
HEL-S-84	-3.3604061713744975
EIF2S3	-3.3638261657479376
PDCD6IP	-3.3682027378659045
CKAP4	-3.415694270934494
PSMD8	-3.4578108039068267
LEPREL2	-3.4603149561114344
CDH13	-3.530948854024038
VAPB	-3.547564770401986
MGST3	-3.594591817135902
CAT	-3.627376097666759
ITGAV	-3.631959448091952
ATP6V1A	-3.637876906699933
HEL-S-95	-3.6609342254309594
FLNA	-3.664054250269416
BCKDHA	-3.6863732018537774
CDS2	-3.687713263641906
S100A13	-3.6894158916856377
MYL12A	-3.7009190325902077
LAMB2	-3.7010463497214774
UQCC2	-3.7011808392238783
MYDGF	-3.7059580792608653
SORT1	-3.715395714743389
HEL-S-30	-3.7413678059497015
AK1	-3.7429665234761136
HSPB7	-3.774641044107093
AARS	-3.7833366395552024
PDIA6	-3.7844030509547117
VAMP3	-3.8117219818957353
CANX	-3.825848891817463
ASPH	-3.8717256075799926
NOMO1	-3.908878889158378
KARS	-3.9165208521587656
CAP1	-3.9167217722993435
TGFBI	-3.9410402743528006
YARS	-3.941681600611566
RALA	-3.9474843533801254
hCG_1994130	-3.973992864047557
ANXA6	-3.9929487566015975
SNRPG	-3.994089713659017
RAB11B	-3.9947249574210795
RPS17	-4.020706716562269
SMBP	-4.0210264386221395
NACA	-4.025468305552347
PFN2	-4.05074449877378
UTRN	-4.062371782095337
HSD17B4	-4.078913040494191
LAMA2	-4.093420672867982
GNAI2	-4.101252881224293
DNAJC13	-4.121357611597222
RPS11	-4.126191502735554
MSI2	-4.156838034984927
RPL21	-4.188260487377992
LTBP1	-4.202887926437373
EIF3G	-4.219133046798116
RPS16	-4.2326077118579875
PSMC1	-4.253264369278101
COPG1	-4.2707659939482605
HRC	-4.281620302120722
ALDH1B1	-4.319873294893694
COLGALT1	-4.327695734208765
HEL-S-70p	-4.34757241507816
P4HA1	-4.40904182739169
EMC10	-4.4171994989306596
RPL7A	-4.448828960920419
GYG1	-4.482253360161561
ITGB1	-4.490955480902773
ENPP1	-4.504195790466607
EEF1G	-4.5066939404466835
LOXL2	-4.52029644773871
MAP1B	-4.551050694246987
MRPL4	-4.579034883440206
RPL7	-4.6385157759744855
CCT8	-4.742330476163119
LARS	-4.8355529317608426
PDLIM5	-4.842634144301478
GYS1	-4.847342637732488
STUB1	-4.866341315262485
CAPNS1	-4.876430511719235
DTNA	-4.8831650687754715
TNC	-4.913748719461232
SPCS2	-4.92153433983814
PA2G4	-4.930948106694741
RRAGC	-4.942293940145943
P4HB	-4.9594908870027306
MYOF	-5.00913289428709
PGRMC1	-5.025936254339533
RTCB	-5.031011967540493
TUBA1B	-5.032707968906688
MME	-5.0561772349391925
NDUFB6	-5.090415108608322
XPO1	-5.09064479909529
FUBP3	-5.241743404290298
PALLD	-5.256980556369185
SSR4	-5.262236777791609
EFHD2	-5.291009557540957
GPD1L	-5.462600488418153
ERAP2	-5.545001813689193
PRKCSH	-5.556422783130544
HEL32	-5.5610715550141965
DNPH1	-5.563322649808523
HDLBP	-5.569240598801085
APMAP	-5.584166129687186
BCKDHB	-5.6027450836526125
PPM1F	-5.614740611744734
GFPT1	-5.645699920749473
HEL-S-106	-5.668558069511901
HSD17B12	-5.725179880822422
GARS	-5.793055441428439
MVP	-5.84281108555743
MYLPF	-5.857365080376405
COX7C	-5.946772475918941
FAF2	-6.000587231815715
DYSF	-6.054947858831063
CSE1L	-6.089428253388589
BGN	-6.164340759506448
TUBB2A	-6.17286620937221
RTN4	-6.223221139433024
RUVBL2	-6.224443169183393
CNTNAP1	-6.241255205124219
FAM62A	-6.267764877525396
VPS4A	-6.314836335764546
DENR	-6.395647984611505
CLTCL1	-6.4020026940639845
DNAJB11	-6.4075791849801975
RPL35	-6.434432035349933
HIST1H1E	-6.446083180843809
HEL-S-162eP	-6.46430219317879
HLA-A	-6.483699821587921
IGF2BP3	-6.494808776675606
RAB14	-6.543871953950361
PSMA1	-6.5586795647173455
GLS	-6.562209828224611
TMEM16K	-6.686732147906094
ABCF2	-6.687798594676189
TTN	-6.691187280924587
HSPG2	-6.710284101084681
RPL24	-6.723859570733044
GRHPR	-6.78915647009642
RPLP2	-6.8917683236394485
ZYX	-6.898451435544592
CORO7-PAM16	-7.039382040219037
TRIM28	-7.060641525324181
TRAP1	-7.084890423598239
FARSB	-7.11061871899408
EHD1	-7.190674528950986
PLOD2	-7.262205484444961
PKM2	-7.27210889191511
RNH1	-7.3092961281715505
IARS	-7.411148640204412
SAR1B	-7.462157132087894
RPS24	-7.5390247051245325
RPS12	-7.591946653358482
TUBB6	-7.6022158675561675
PSME2	-7.673331632355521
SCP2	-7.710356793628891
MANF	-7.7676671194674825
GSPT1	-7.79483742095067
EEF1A1	-7.85644500477532
RPL18A	-7.931199156260911
NOP56	-7.9488606683278755
ATP1A1	-7.980763103963862
CKMT2	-8.383333317429832
TUBB	-8.398243360636203
EMC1	-8.456128703348508
RPS26	-8.470784635863513
RAB3GAP1	-8.527410219737977
HSDL2	-8.552433345353034
GPC1	-8.754322900501156
CCT6A	-8.850444638043118
FASN	-8.953251415000803
HNRNPU	-9.023824764263985
HTRA3	-9.042478331414687
FAM175B	-9.061557609739225
ARFIP1	-9.078804610025811
DNAJB4	-9.472489990691857
FHL1	-9.558611278487383
PLIN3	-9.59760228277881
PYCR2	-9.76393204258429
PSAT1	-9.83290864875666
EEF2	-9.935912355382495
ERP70	-9.97179471928553
DCTN1	-10.052434670685548
TUBB2C	-10.2417045343889
PSMB4	-10.33306346662121
hCG_27198	-10.34218288013013
CTPS1	-10.35627305955761
MYH14	-10.389379981457559
PRKRA	-10.440358660170823
STEAP3	-10.593871132419196
RPL3	-10.894545699116954
RAB5C	-10.943862816215978
SERPINH1	-10.959945466813078
IDI1	-10.979779354636214
ARHGEF2	-11.006743928957002
APOBEC2	-11.078562904065388
HEL-S-102	-11.085016933431032
TTLL12	-11.11951108573542
SH3GL1	-11.21671336786795
TACO1	-11.394873233754923
EPRS	-11.419304822862804
CYR61	-11.423387470970205
THBS1	-11.496719606528826
CPSF7	-11.516729545941143
EXOC4	-11.585873606413411
ACOX3	-11.587487763675199
FBL	-11.613915946073424
GOLGA3	-11.670379268132931
MAP1LC3B	-11.775207795768592
ACTC1	-11.802521359270543
PHLDB1	-12.049100186023331
DEGS1	-12.080324678846846
YIPF5	-12.094560507827739
SF3A1	-12.132898462912266
FAM120A	-12.263422702294056
RPS8	-12.309811126808157
MYH9	-12.382628451257048
JSRP1	-12.407264126629507
ACLY	-12.471183379090458
INF2	-12.630224504415468
ARF6	-12.948299931324772
RPL13A	-13.033623044798231
LMO7	-13.242634062055913
PYGL	-13.266782232460255
HNRNPM	-13.323679067841137
CCT3	-13.349724728925745
RBM14	-13.453992171763336
SYNPO2	-13.733409423621493
U2AF2	-14.099175968255436
MAGT1	-14.101381083692518
MAP1A	-14.148345662912337
LAMA4	-14.165082636494308
SRPK1	-14.33258179320531
PDLIM4	-14.596558051440166
IDH2	-14.615591524639228
SRSF3	-15.029359384740884
WDR1	-15.518516468494482
PSMA6	-15.558449875914647
DAG1	-15.606390883826668
TMPO	-15.944116553378526
UBTF	-16.117869461815204
HMOX2	-16.46481326029625
tmp_locus_29	-16.911093400691602
HPCAL1	-17.11204618287976
CNN2	-17.246604288638864
COPS3	-17.314990736608152
PSMD9	-17.350140569171963
NUMB	-17.78362362405758
SLC38A2	-17.816117451511957
ABCD3	-17.81914320979279
TRIP6	-17.95403037914782
ACADM	-17.999140336920597
ALDH7A1	-18.012947336307473
EEF1D	-18.263655565170193
MTIF2	-18.761053347380802
FLNC	-18.77227969280447
LSM12	-18.791792477672832
KATNAL2	-19.0591003780157
WNT5B	-19.49579712654951
RAI14	-20.10430342534128
PBXIP1	-20.722609012489315
MTHFD1	-20.73327848156009
TBCD	-20.855152569895758
HEL-S-101	-21.387346612219897
ITGA5	-21.671240819524012
NEK9	-22.542721709618494
PLOD1	-22.6687832039457
DPM1	-22.869708408396086
EEF1E1	-23.696995870304306
RHOT2	-24.674269798686666
CCDC124	-25.191167716467888
TAP1	-25.73405148026853
CALU	-25.966041774772933
SERPINE1	-26.28043131346606
GREM1	-26.846506132062675
hCG_1640809	-26.99852167339033
ACSL3	-27.23752718157347
CUL4A	-27.576327485407056
BCAM	-28.216771265603946
PFKP	-28.9086743356377
PLGRKT	-29.677823187876932
GBF1	-30.74959888983186
TNNI2	-31.914470552361344
WNT5A	-32.695548289059126
FAM49B	-34.02824232492379
GOPC	-34.629365374969225
RAP1A	-35.028247203950784
NEXN	-35.118155749713445
MYL4	-35.176007485966316
ALPL	-36.143878668184875
SKIV2L	-36.527329226871046
ATP6AP1	-37.62113141227223
UNC45B	-39.67377543735604
ERAP1	-39.77128418725579
TMEM173	-40.664974599955364
UNC45A	-41.06273171190462
RPL22L1	-41.45129049207672
PDLIM7	-41.79588693974343
MARS	-42.39173349311585
MYL2	-43.29481484295696
DCAKD	-44.24405624888631
SRP68	-44.25287449569384
MAPRE1	-45.93728905649184
BID	-46.811872825866516
HEL-S-29	-48.12117507728733
CHMP4B	-50.92501184251961
NSDHL	-51.354025039627395
XIRP1	-53.26189410615403
PLAU	-55.41134309143348
HSPB2	-55.85596581188155
MYH15	-58.58650483676478
PDLIM3	-59.50496574509978
MGLL	-59.68837771184606
SLC16A3	-60.34559807906101
SUN1	-60.66221844459546
HEL-S-53e	-62.2201466260964
F13A1	-64.3079956703055
HEL103	-66.31541604538452
PRKAR1A	-66.40510642905429
DMD	-79.5484634026201
CD151	-80.34378358865852
DCLK1	-80.65888848724985
B2M	-80.97613942707187
TF	-82.77963830477795
SLC30A9	-83.7183014442621
Nbla03646	-86.83175844214949
RCN3	-87.57914583321421
SUGT1	-87.99752518966676
RAB8B	-88.0613638449853
CTTN	-88.40234147807186
MYH3	-88.50868169203018
HNTN1	-89.7178867072972
RTN2	-91.78809439522148
CASQ2	-95.03433019990449
TMEM205	-97.81733886359423
TNNI1	-99.47179759981032
CRIP2	-100.19693059893717
DARS	-106.60469195158754
TPM2	-108.84382353821789
HLA-B	-110.66819555531653
ITGB3	-111.50127276214509
MYBPH	-113.55798198301214
KDELR3	-116.27507443849143
CKM	-118.1576297249072
MAPRE3	-121.10489408390136
NES	-121.82122381911122
PXN	-123.70062956844639
PTPN1	-123.8147439359651
ACOX1	-124.48504612578589
CASP3	-129.54784685674252
ACTN2	-130.1996888227156
TRIM72	-131.08797280391224
CHMP2A	-132.76649191482238
TRPV2	-136.58024389277716
HEBP2	-137.16978949422924
CAP2	-139.3040238626987
FABP3	-159.09701821468235
HS2ST1	-166.08653791163405
MYH7	-171.45014156845704
MURC	-183.26832839073663
NPNT	-190.11029071355856
GFPT2	-191.09664139736648
CSDA	-197.87437964958104
RPS4Y1	-204.79973945363503
TPD52L2	-207.95922477317083
NCLN	-214.85601597973118
KLHL41	-215.10503593795622
UBR4	-219.1404485770362
DTYMK	-222.19679877802233
CTSH	-229.33904522827464
SLC16A1	-247.8042929138117
BIN1	-257.3184007737447
EMC3	-259.19810489285095
TPM1	-263.4814391593171
LDB3	-275.5467025012786
HLA-C	-283.2909934574612
ABCF1	-287.6803975132004
ACTA1	-292.77008675193565
ZNF207	-300.0111587314268
TNNT3	-300.54868880501124
PMVK	-319.6155345125201
MYO1E	-319.7142716939625
MYH8	-333.1503868549745
GNL3	-353.4187308097601
ZC3HAV1	-375.35899106249
VAMP5	-381.69083051533585
SYNGR2	-388.3114131800966
MYL6B	-400.38934391509974
SGCB	-418.13559660256834
FN1	-420.06096407711635
TFRC	-433.94064564607106
MYH4	-436.1552722097085
SGCD	-509.64193168801506
NCAM1	-529.205949411071
SYBL1	-532.1764804909229
CROP	-549.6948832622196
CHPF	-563.1504263458442
OK/KNS-cl.6	-577.140543046168
ITGA3	-668.0695416763623
DKFZp586J0119	-726.7397959057054
CSRP3	-737.68597378488
PEX11B	-772.1790735177424
COL5A2	-878.7771633390978
ITGA2	-889.4201114135187
EHD4	-893.649770862127
HSPC152	-909.8307714643535
CLSTN2	-956.7501557697337
RIC8A	-1183.0576771104447
MAP4	-1326.3679986907173
SNTB1	-1923.6370618785543
LMNA	-2048.2412852121693
